# This file uses centimeters as units for non-parametric coordinates.

mtllib 120mm.mtl
g default
v -17.179571 1.899121 -0.149445
v -17.179571 1.899121 0.255470
v -16.972185 2.528013 -0.149445
v -16.972185 2.528013 0.255470
v -17.411036 1.197213 -0.149445
v -17.411036 1.197213 0.255470
v -16.576993 3.205617 0.255470
v -16.576993 3.205617 -0.149445
v -17.220489 2.629508 0.255470
v -16.750635 3.255157 0.255470
v -16.750635 3.255157 -0.149445
v -17.220489 2.629508 -0.149445
v -17.427876 2.000616 -0.149445
v -17.556675 1.267534 -0.149445
v -17.556675 1.267534 0.255470
v -17.427876 2.000616 0.255470
v -25.757431 2.966581 0.574964
v -25.721346 2.926406 0.574964
v -25.721346 2.966581 0.615139
v -23.133381 2.926406 0.574964
v -23.133381 2.966633 0.615139
v -25.721346 3.968470 0.574964
v -25.757431 3.928294 0.574964
v -25.721346 3.928294 0.615139
v -23.133381 3.968470 0.574964
v -23.133381 3.928294 0.615139
v -25.721346 3.928294 -0.509114
v -25.757431 3.928294 -0.468938
v -25.721346 3.968470 -0.468938
v -23.133381 3.928294 -0.509114
v -23.133381 3.968470 -0.468938
v -25.721346 2.926406 -0.468938
v -25.757431 2.966581 -0.468938
v -25.721346 2.966581 -0.509114
v -23.133381 2.926406 -0.468938
v -23.133381 2.966633 -0.509114
v -22.958740 3.084383 0.574813
v -22.958740 3.124666 0.615139
v -22.958740 3.968470 0.574813
v -22.958740 3.928294 0.615139
v -22.958740 3.928294 -0.509114
v -22.958740 3.968470 -0.468787
v -22.958740 3.084383 -0.468788
v -22.958740 3.124666 -0.509114
v -21.201418 3.124697 0.428445
v -21.201418 3.084383 0.387848
v -21.201418 3.928294 0.428445
v -21.201418 3.968470 0.387845
v -21.201418 3.928294 -0.322420
v -21.201418 3.968470 -0.281820
v -21.201418 3.084383 -0.281823
v -21.201418 3.124697 -0.322420
v -20.742985 3.290970 0.214983
v -20.742985 3.331147 0.255470
v -19.957102 3.096536 0.215295
v -19.951853 3.136538 0.255470
v -20.742985 3.927912 0.255470
v -20.742985 3.968470 0.215027
v -19.869781 3.761883 0.215295
v -19.875032 3.721870 0.255470
v -20.742985 3.968470 -0.109002
v -20.742985 3.927912 -0.149445
v -19.875032 3.721870 -0.149445
v -19.869781 3.761883 -0.109269
v -20.742985 3.331147 -0.149445
v -20.742985 3.290970 -0.108957
v -19.957102 3.096536 -0.109269
v -19.951853 3.136538 -0.149445
v -19.270098 2.860864 0.215295
v -19.260635 2.899759 0.255470
v -19.117286 3.489003 0.215295
v -19.126751 3.450102 0.255470
v -19.126751 3.450102 -0.149445
v -19.117286 3.489003 -0.109269
v -19.270098 2.860864 -0.109269
v -19.260635 2.899759 -0.149445
v -18.568943 2.546173 0.215295
v -18.560173 2.585712 0.255470
v -18.427048 3.185949 0.215295
v -18.435798 3.146492 0.255470
v -18.435798 3.146492 -0.149445
v -18.427048 3.185949 -0.109269
v -18.568943 2.546173 -0.109269
v -18.560173 2.585712 -0.149445
v -17.726478 2.122670 0.255470
v -17.747917 2.174231 0.255470
v -17.760353 2.136517 0.215295
v -17.552967 2.765408 0.215295
v -17.565403 2.727694 0.255470
v -17.519092 2.751562 0.255470
v -17.519092 2.751562 -0.149445
v -17.565403 2.727694 -0.149445
v -17.552967 2.765408 -0.109269
v -17.760353 2.136517 -0.109269
v -17.747917 2.174231 -0.149445
v -17.726478 2.122670 -0.149445
v -17.716160 1.344541 -0.149445
v -17.752134 1.401867 -0.109269
v -17.716160 1.344541 0.255470
v -17.752134 1.401867 0.215295
v -16.942518 3.309903 0.255470
v -17.010271 3.295009 0.215295
v -16.942518 3.309903 -0.149445
v -17.010271 3.295009 -0.109269
v -16.972185 2.528013 0.510509
v -16.994333 2.537066 0.534383
v -16.452003 3.443199 0.539012
v -16.437597 3.422552 0.521852
v -17.198232 2.620410 0.534383
v -17.220489 2.629508 0.510509
v -16.611236 3.472092 0.521853
v -16.578540 3.479300 0.539012
v -16.611236 3.472092 -0.415827
v -16.578540 3.479300 -0.432987
v -16.452003 3.443199 -0.432987
v -16.437597 3.422552 -0.415826
v -17.220489 2.629508 -0.404484
v -17.198232 2.620410 -0.428357
v -16.994333 2.537066 -0.428357
v -16.972185 2.528013 -0.404484
v -17.427876 2.000616 -0.404484
v -17.405559 1.991495 -0.428357
v -17.201732 1.908181 -0.428357
v -17.179571 1.899121 -0.404484
v -17.627297 1.023242 -0.415722
v -17.610031 0.996856 -0.432987
v -17.507845 0.947516 -0.432987
v -17.481655 0.952921 -0.415721
v -17.627295 1.023242 0.521747
v -17.610029 0.996855 0.539012
v -17.507845 0.947516 0.539012
v -17.481655 0.952921 0.521747
v -17.427876 2.000616 0.510509
v -17.405559 1.991495 0.534383
v -17.201732 1.908181 0.534383
v -17.179571 1.899121 0.510509
vt 0.922044 0.701205
vt 0.922044 0.723519
vt 0.891537 0.723519
vt 0.891537 0.701205
vt 0.656916 0.931776
vt 0.664830 0.939790
vt 0.664830 0.980548
vt 0.656916 0.980548
vt 0.659126 0.800690
vt 0.651211 0.800696
vt 0.651211 0.759093
vt 0.659126 0.759099
vt 0.664830 0.940008
vt 0.656916 0.931993
vt 0.656916 0.980765
vt 0.664830 0.980765
vt 0.659126 0.759099
vt 0.651211 0.759093
vt 0.651211 0.800696
vt 0.659126 0.800690
vt 0.744469 0.939828
vt 0.744469 0.980584
vt 0.738765 0.793239
vt 0.738765 0.766551
vt 0.744469 0.939973
vt 0.744469 0.980729
vt 0.738765 0.766550
vt 0.738765 0.793239
vt 0.765245 0.950332
vt 0.801098 0.940462
vt 0.804579 0.970148
vt 0.765245 0.980598
vt 0.799113 0.786362
vt 0.759540 0.786351
vt 0.759540 0.773438
vt 0.799113 0.773427
vt 0.801098 0.940540
vt 0.765245 0.950410
vt 0.765245 0.980676
vt 0.804579 0.970226
vt 0.795156 0.773427
vt 0.759540 0.773440
vt 0.759540 0.786350
vt 0.795156 0.786362
vt 0.832423 0.928453
vt 0.838490 0.956365
vt 0.833215 0.786362
vt 0.833215 0.773427
vt 0.832423 0.928532
vt 0.838490 0.956443
vt 0.826290 0.773427
vt 0.826290 0.786362
vt 0.864167 0.912526
vt 0.869803 0.940967
vt 0.864496 0.786362
vt 0.864496 0.773427
vt 0.864167 0.912604
vt 0.869803 0.941045
vt 0.858065 0.773427
vt 0.858065 0.786362
vt 0.900977 0.891657
vt 0.909248 0.919727
vt 0.904108 0.786362
vt 0.904108 0.773427
vt 0.900977 0.891735
vt 0.909248 0.919805
vt 0.894709 0.773427
vt 0.894709 0.786362
vt 0.902416 0.849578
vt 0.902416 0.849656
vt 0.909644 0.845751
vt 0.909644 0.845673
vt 0.937477 0.949333
vt 0.937477 0.949255
vt 0.946173 0.946478
vt 0.946173 0.946556
vt 0.901949 0.889120
vt 0.915481 0.882930
vt 0.896712 0.771826
vt 0.896712 0.787963
vt 0.915481 0.882852
vt 0.901949 0.889042
vt 0.911347 0.920937
vt 0.924879 0.914747
vt 0.903940 0.787963
vt 0.903940 0.771826
vt 0.924879 0.914826
vt 0.911347 0.921016
vt 0.953972 0.957791
vt 0.925888 0.914232
vt 0.935128 0.910005
vt 0.959706 0.955960
vt 0.953972 0.957979
vt 0.959706 0.956148
vt 0.935128 0.910191
vt 0.925888 0.914418
vt 0.916492 0.882522
vt 0.925729 0.878296
vt 0.907226 0.832078
vt 0.911857 0.829576
vt 0.907226 0.831890
vt 0.911857 0.829388
vt 0.925729 0.878110
vt 0.916492 0.882336
vt 0.931772 0.787963
vt 0.931772 0.771826
vt 0.924879 0.914698
vt 0.952490 0.957429
vt 0.952490 0.957610
vt 0.940468 0.771826
vt 0.924879 0.914875
vt 0.940468 0.787963
vt 0.915481 0.882980
vt 0.956093 0.701205
vt 0.906443 0.833413
vt 0.956093 0.723519
vt 0.906444 0.833232
vt 0.855944 0.723519
vt 0.915481 0.882803
vt 0.855944 0.701205
vt 0.948267 0.799263
vt 0.948267 0.760526
vt 0.539633 0.980548
vt 0.539633 0.931773
vt 0.954002 0.760526
vt 0.954002 0.799263
vt 0.901522 0.760526
vt 0.901522 0.799263
vt 0.906152 0.799263
vt 0.906152 0.760526
vt 0.539633 0.931990
vt 0.539633 0.980765
vt 0.844345 0.686526
vt 0.891537 0.687151
vt 0.946786 0.761210
vt 0.946786 0.798579
vt 0.836768 0.864418
vt 0.836768 0.837009
vt 0.822520 0.818977
vt 0.822520 0.882450
vt 0.900739 0.798575
vt 0.900739 0.761214
vt 0.844345 0.738198
vt 0.891537 0.737573
vt 0.533928 0.759093
vt 0.533928 0.800696
vt 0.532293 0.759093
vt 0.532293 0.800696
vt 0.532293 0.800696
vt 0.532293 0.759093
vt 0.533928 0.800696
vt 0.533928 0.759093
vt 0.928702 0.773427
vt 0.928702 0.786362
vt 0.895082 0.786362
vt 0.895082 0.773427
vt 0.533928 0.757492
vt 0.651211 0.757492
vt 0.533928 0.757492
vt 0.659126 0.757492
vt 0.651211 0.757492
vt 0.659126 0.757492
vt 0.533928 0.802297
vt 0.533928 0.802297
vt 0.651211 0.802297
vt 0.659126 0.802297
vt 0.651211 0.802297
vt 0.659126 0.802297
vt 0.738765 0.764932
vt 0.738765 0.764932
vt 0.738765 0.794857
vt 0.738765 0.794857
vt 0.759540 0.771826
vt 0.759540 0.771826
vt 0.759540 0.787963
vt 0.759540 0.787963
vt 0.795394 0.771826
vt 0.826719 0.771826
vt 0.798875 0.771826
vt 0.832786 0.771826
vt 0.798875 0.787963
vt 0.832786 0.787963
vt 0.795394 0.787963
vt 0.826719 0.787963
vt 0.858462 0.771826
vt 0.864099 0.771826
vt 0.864099 0.787963
vt 0.858462 0.787963
vt 0.895273 0.771826
vt 0.903544 0.771826
vt 0.903544 0.787963
vt 0.895273 0.787963
vt 0.896244 0.771826
vt 0.905643 0.771826
vt 0.905643 0.787963
vt 0.896244 0.787963
vt 0.922044 0.737573
vt 0.967785 0.738192
vt 0.967785 0.686532
vt 0.922044 0.687151
vt 0.891496 0.685835
vt 0.922003 0.685835
vt 0.843680 0.685580
vt 0.843680 0.739143
vt 0.891496 0.738888
vt 0.922003 0.738888
vt 0.968435 0.739143
vt 0.968435 0.685580
vn 0.950105 -0.311905 -0.003870
vn 0.950105 -0.311905 0.003870
vn 0.909041 -0.416679 0.004847
vn 0.909041 -0.416679 -0.004847
vn 0.000000 0.000000 1.000000
vn 0.000000 0.000000 1.000000
vn 0.000000 0.000000 1.000000
vn 0.000000 0.000000 1.000000
vn 0.000000 1.000000 0.000000
vn 0.000000 1.000000 0.000000
vn 0.000000 1.000000 0.000000
vn 0.000000 1.000000 0.000000
vn 0.000000 0.000000 -1.000000
vn 0.000000 0.000000 -1.000000
vn 0.000000 0.000000 -1.000000
vn 0.000000 0.000000 -1.000000
vn 0.670842 -0.741600 0.000000
vn 0.670842 -0.741600 0.000000
vn 0.670842 -0.741600 0.000000
vn 0.670842 -0.741600 0.000000
vn 0.105643 -0.000000 0.994404
vn 0.105643 -0.000000 0.994404
vn 0.105643 -0.000000 0.994404
vn 0.105643 -0.000000 0.994404
vn 0.000000 1.000000 0.000000
vn 0.000000 1.000000 0.000000
vn 0.000000 1.000000 0.000000
vn 0.000000 1.000000 0.000000
vn 0.105643 -0.000000 -0.994404
vn 0.105643 -0.000000 -0.994404
vn 0.105643 -0.000000 -0.994404
vn 0.105643 -0.000000 -0.994404
vn 0.000000 -1.000000 0.000000
vn 0.000000 -1.000000 0.000000
vn 0.000000 -1.000000 0.000000
vn 0.000000 -1.000000 0.000000
vn -0.000000 0.000000 1.000000
vn -0.000000 0.000000 1.000000
vn -0.000000 0.000000 1.000000
vn -0.000000 0.000000 1.000000
vn 0.230229 0.973136 0.000000
vn 0.230229 0.973136 0.000000
vn 0.230229 0.973136 0.000000
vn 0.230229 0.973136 0.000000
vn 0.000000 -0.000000 -1.000000
vn 0.000000 -0.000000 -1.000000
vn 0.000000 -0.000000 -1.000000
vn 0.000000 -0.000000 -1.000000
vn -0.240167 -0.970732 0.000000
vn -0.240167 -0.970732 0.000000
vn -0.240167 -0.970732 0.000000
vn -0.240167 -0.970732 0.000000
vn 0.000000 0.000000 1.000000
vn 0.000000 0.000000 1.000000
vn 0.000000 0.000000 1.000000
vn 0.000000 0.000000 1.000000
vn 0.340910 0.940096 0.000000
vn 0.340910 0.940096 0.000000
vn 0.340910 0.940096 0.000000
vn 0.340910 0.940096 0.000000
vn 0.000000 -0.000000 -1.000000
vn 0.000000 -0.000000 -1.000000
vn 0.000000 -0.000000 -1.000000
vn 0.000000 -0.000000 -1.000000
vn -0.324482 -0.945892 0.000000
vn -0.324482 -0.945892 0.000000
vn -0.324482 -0.945892 0.000000
vn -0.324482 -0.945892 0.000000
vn 0.000001 1.000000 0.000000
vn 0.000001 1.000000 0.000000
vn 0.000001 1.000000 0.000000
vn 0.000001 1.000000 0.000000
vn 0.353025 -0.000000 -0.935614
vn 0.353025 -0.000000 -0.935614
vn 0.353025 -0.000000 -0.935614
vn 0.353025 -0.000000 -0.935614
vn 0.410847 -0.911704 0.000000
vn 0.410847 -0.911704 0.000000
vn 0.410847 -0.911704 0.000000
vn 0.410847 -0.911704 0.000000
vn 0.353025 -0.000000 0.935614
vn 0.353025 -0.000000 0.935614
vn 0.353025 -0.000000 0.935614
vn 0.353025 -0.000000 0.935614
vn -0.000000 0.000000 1.000000
vn -0.000000 0.000000 1.000000
vn -0.000000 0.000000 1.000000
vn -0.000000 0.000000 1.000000
vn 0.402015 0.915633 0.000000
vn 0.402015 0.915633 0.000000
vn 0.402015 0.915633 0.000000
vn 0.402015 0.915633 0.000000
vn 0.000000 -0.000000 -1.000000
vn 0.000000 -0.000000 -1.000000
vn 0.000000 -0.000000 -1.000000
vn 0.000000 -0.000000 -1.000000
vn -0.409468 -0.912325 0.000000
vn -0.409468 -0.912325 0.000000
vn -0.409468 -0.912325 0.000000
vn -0.409468 -0.912325 0.000000
vn 0.000000 0.000000 1.000000
vn -0.000000 0.000000 1.000000
vn -0.000000 0.000000 1.000000
vn 0.000000 0.000000 1.000000
vn 0.433554 0.901128 0.000000
vn 0.433554 0.901128 0.000000
vn 0.433554 0.901128 0.000000
vn 0.433554 0.901128 0.000000
vn -0.000000 -0.000000 -1.000000
vn 0.000000 -0.000000 -1.000000
vn 0.000000 -0.000000 -1.000000
vn -0.000000 -0.000000 -1.000000
vn -0.451939 -0.892049 0.000000
vn -0.451939 -0.892049 0.000000
vn -0.451939 -0.892049 0.000000
vn -0.451939 -0.892049 0.000000
vn -0.434813 -0.900521 0.000000
vn -0.434813 -0.900521 0.000000
vn -0.434813 -0.900521 0.000000
vn -0.434813 -0.900521 0.000000
vn 0.006955 0.999976 0.000000
vn 0.006955 0.999976 0.000000
vn 0.274358 0.961628 0.000000
vn 0.274358 0.961628 0.000000
vn -0.000000 0.000000 -1.000000
vn -0.000000 0.000000 -1.000000
vn -0.000000 0.000000 -1.000000
vn -0.000000 0.000000 -1.000000
vn 0.953997 -0.299772 -0.005181
vn 0.953997 -0.299772 0.005181
vn -0.000000 0.000000 1.000000
vn -0.000000 0.000000 1.000000
vn 0.000000 0.000000 1.000000
vn 0.000000 0.000000 1.000000
vn -0.000000 0.000000 1.000000
vn -0.000000 0.000000 1.000000
vn -0.000000 0.000000 1.000000
vn -0.000000 0.000000 1.000000
vn 0.855328 -0.518051 0.006088
vn 0.855328 -0.518051 -0.006088
vn 0.000000 -0.000000 -1.000000
vn 0.000000 -0.000000 -1.000000
vn 0.000000 -0.000000 -1.000000
vn 0.000000 -0.000000 -1.000000
vn -0.001532 -0.004237 0.999990
vn -0.000766 -0.002119 0.999997
vn -0.000766 -0.002119 0.999997
vn -0.001532 -0.004237 0.999990
vn 0.006874 0.999976 0.000000
vn 0.006874 0.999976 0.000000
vn 0.274351 0.961630 0.000000
vn 0.274351 0.961630 0.000000
vn -0.001532 -0.004237 -0.999990
vn -0.000766 -0.002119 -0.999997
vn -0.000766 -0.002119 -0.999997
vn -0.001532 -0.004237 -0.999990
vn 0.000922 0.002127 -0.999997
vn 0.000922 0.002127 -0.999997
vn 0.001844 0.004254 -0.999989
vn 0.001844 0.004254 -0.999989
vn -0.434813 -0.900521 0.000000
vn -0.434813 -0.900521 0.000000
vn -0.434813 -0.900521 0.000000
vn -0.434813 -0.900521 0.000000
vn 0.001844 0.004254 0.999989
vn 0.000922 0.002127 0.999997
vn 0.000922 0.002127 0.999997
vn 0.001844 0.004254 0.999989
vn 0.851044 -0.525015 -0.009088
vn 0.908318 -0.418168 -0.009687
vn -0.823400 0.567239 -0.015867
vn -0.882661 0.469704 -0.016987
vn -0.882661 0.469704 -0.016987
vn -0.823400 0.567239 -0.015867
vn -0.823400 0.567239 0.015867
vn -0.823400 0.567239 0.015867
vn 0.851044 -0.525015 0.009088
vn -0.882660 0.469704 0.016987
vn -0.882660 0.469704 0.016987
vn 0.908318 -0.418168 0.009687
vn -0.967431 0.252168 0.022107
vn -0.967431 0.252168 0.022107
vn 0.950500 -0.310628 0.007743
vn -0.972075 0.233616 0.022211
vn -0.972075 0.233616 0.022211
vn 0.956081 -0.293000 0.007787
vn -0.972075 0.233615 -0.022208
vn -0.972075 0.233615 -0.022208
vn 0.956081 -0.293000 -0.007787
vn -0.967431 0.252167 -0.022105
vn -0.967431 0.252167 -0.022105
vn 0.950500 -0.310628 -0.007743
vn 0.000000 -1.000000 0.000000
vn 0.000000 -1.000000 0.000000
vn 0.000000 -1.000000 0.000000
vn 0.000000 -1.000000 0.000000
vn 0.000000 0.000000 1.000000
vn 0.000000 0.000000 1.000000
vn -1.000000 0.000001 0.000000
vn -1.000000 0.000001 0.000000
vn -1.000000 0.000001 0.000000
vn -1.000000 0.000001 0.000000
vn 0.000000 1.000000 0.000000
vn 0.000000 1.000000 0.000000
vn 0.000000 0.000000 -1.000000
vn 0.000000 0.000000 -1.000000
vn -0.698419 0.715689 0.000000
vn -0.698419 0.715689 0.000000
vn -0.698419 0.715689 0.000000
vn -0.698419 0.715689 0.000000
vn -0.999937 -0.011187 0.000000
vn -0.999937 -0.011187 0.000000
vn -0.999937 -0.011187 0.000000
vn -0.999937 -0.011187 0.000000
vn -0.743964 -0.668220 0.000000
vn -0.743964 -0.668220 0.000000
vn -0.743964 -0.668220 0.000000
vn -0.743964 -0.668220 0.000000
vn 0.000007 -0.706879 0.707335
vn 0.000007 -0.706879 0.707335
vn 0.109194 -0.702684 0.703073
vn 0.109194 -0.702684 0.703073
vn -0.743964 0.000000 0.668220
vn -0.743964 0.000000 0.668220
vn -0.743964 0.000000 0.668220
vn -0.743964 0.000000 0.668220
vn 0.180197 -0.696661 0.694401
vn 0.180197 -0.696661 0.694401
vn -0.743971 0.668212 0.000000
vn -0.743971 0.668212 0.000000
vn -0.743971 0.668212 0.000000
vn -0.743971 0.668212 0.000000
vn 0.000000 0.707104 0.707110
vn 0.000000 0.707104 0.707110
vn 0.000153 0.707436 0.706777
vn 0.000153 0.707436 0.706777
vn 0.035106 0.708199 0.705140
vn 0.035106 0.708199 0.705140
vn -0.743963 0.000000 -0.668221
vn -0.743963 0.000000 -0.668221
vn -0.743963 0.000000 -0.668221
vn -0.743963 0.000000 -0.668221
vn 0.000000 0.707103 -0.707111
vn 0.000000 0.707103 -0.707111
vn 0.000153 0.707435 -0.706778
vn 0.000153 0.707435 -0.706778
vn 0.035106 0.708198 -0.705140
vn 0.035106 0.708198 -0.705140
vn 0.000007 -0.706878 -0.707335
vn 0.000007 -0.706878 -0.707335
vn 0.109194 -0.702683 -0.703074
vn 0.109194 -0.702683 -0.703074
vn 0.180198 -0.696660 -0.694402
vn 0.180198 -0.696660 -0.694402
vn 0.176808 -0.697609 0.694321
vn 0.176808 -0.697609 0.694321
vn 0.138909 0.702350 0.698146
vn 0.138909 0.702350 0.698146
vn 0.138909 0.702350 -0.698146
vn 0.138909 0.702350 -0.698146
vn 0.176808 -0.697608 -0.694321
vn 0.176808 -0.697608 -0.694321
vn 0.505233 -0.612463 0.607971
vn 0.505233 -0.612463 0.607971
vn 0.203744 0.689855 0.694686
vn 0.203744 0.689855 0.694686
vn 0.203744 0.689855 -0.694686
vn 0.203744 0.689855 -0.694686
vn 0.505233 -0.612463 -0.607971
vn 0.505233 -0.612463 -0.607971
vn -0.171143 -0.693179 0.700152
vn -0.171143 -0.693179 0.700152
vn -0.197994 -0.684375 0.701733
vn -0.197994 -0.684375 0.701733
vn -0.258561 -0.663052 0.702501
vn -0.258561 -0.663052 0.702501
vn 0.198392 0.683010 0.702949
vn 0.198392 0.683010 0.702949
vn 0.263450 0.661760 0.701903
vn 0.263450 0.661760 0.701903
vn 0.198392 0.683010 -0.702949
vn 0.198392 0.683010 -0.702949
vn 0.263450 0.661761 -0.701903
vn 0.263450 0.661761 -0.701903
vn -0.171143 -0.693179 -0.700152
vn -0.171143 -0.693179 -0.700152
vn -0.197994 -0.684375 -0.701733
vn -0.197994 -0.684375 -0.701733
vn -0.258561 -0.663052 -0.702501
vn -0.258561 -0.663052 -0.702501
vn -0.306907 -0.644658 0.700160
vn -0.306907 -0.644658 0.700160
vn 0.297822 0.648321 0.700701
vn 0.297822 0.648321 0.700701
vn 0.297822 0.648321 -0.700701
vn 0.297822 0.648321 -0.700701
vn -0.306907 -0.644658 -0.700160
vn -0.306907 -0.644658 -0.700160
vn -0.323265 -0.638093 0.698811
vn -0.323265 -0.638093 0.698811
vn 0.309692 0.643662 0.699850
vn 0.309692 0.643662 0.699850
vn 0.309692 0.643662 -0.699850
vn 0.309692 0.643662 -0.699850
vn -0.323265 -0.638093 -0.698812
vn -0.323265 -0.638093 -0.698812
vn -0.777825 -0.166556 0.606010
vn -0.777825 -0.166556 0.606010
vn -0.758737 -0.009298 0.651331
vn -0.758737 -0.009298 0.651331
vn -0.443290 0.655264 0.611657
vn -0.443290 0.655264 0.611657
vn -0.525271 0.540397 0.657314
vn -0.525271 0.540397 0.657314
vn -0.443288 0.655268 -0.611654
vn -0.443288 0.655268 -0.611654
vn -0.525271 0.540397 -0.657314
vn -0.525271 0.540397 -0.657314
vn -0.777825 -0.166556 -0.606010
vn -0.777825 -0.166556 -0.606010
vn -0.758737 -0.009298 -0.651331
vn -0.758737 -0.009298 -0.651331
vn -0.847032 -0.531542 0.000000
vn -0.847032 -0.531542 0.000000
vn -0.847032 -0.531542 0.000000
vn -0.847032 -0.531542 0.000000
vn -0.214701 0.976680 0.000000
vn -0.214701 0.976680 0.000000
vn -0.618569 -0.555597 0.555594
vn -0.618569 -0.555597 0.555594
vn -0.618569 -0.555597 0.555594
vn -0.618577 0.555588 0.555593
vn -0.618577 0.555588 0.555593
vn -0.618577 0.555588 0.555593
vn -0.618571 0.555598 -0.555590
vn -0.618571 0.555598 -0.555590
vn -0.618571 0.555598 -0.555590
vn -0.618568 -0.555598 -0.555594
vn -0.618568 -0.555598 -0.555594
vn -0.618568 -0.555598 -0.555594
vn -0.775522 -0.322472 0.542750
vn -0.376609 0.730728 0.569387
vn -0.376606 0.730734 -0.569382
vn -0.775522 -0.322472 -0.542751
vn 0.615313 -0.288724 0.733504
vn 0.615313 -0.288724 0.733504
vn 0.649027 -0.207284 0.731982
vn 0.649027 -0.207284 0.731982
vn 0.563716 -0.343799 0.751017
vn 0.563716 -0.343799 0.751017
vn 0.820110 0.572205 0.000000
vn 0.820110 0.572205 0.000000
vn 0.820110 0.572205 0.000000
vn 0.820110 0.572205 0.000000
vn -0.603611 0.313009 0.733266
vn -0.603611 0.313009 0.733266
vn -0.660710 0.179656 0.728825
vn -0.660710 0.179656 0.728825
vn -0.543497 0.385558 0.745625
vn -0.543497 0.385558 0.745625
vn -0.215276 0.976553 0.000000
vn -0.215276 0.976553 0.000000
vn -0.543496 0.385559 -0.745625
vn -0.543496 0.385559 -0.745625
vn -0.603610 0.313009 -0.733267
vn -0.603610 0.313009 -0.733267
vn 0.563715 -0.343800 -0.751017
vn 0.563715 -0.343800 -0.751017
vn 0.615312 -0.288724 -0.733505
vn 0.615312 -0.288724 -0.733505
vn -0.660709 0.179657 -0.728826
vn -0.660709 0.179657 -0.728826
vn 0.649027 -0.207283 -0.731982
vn 0.649027 -0.207283 -0.731982
vn -0.650777 0.139293 -0.746383
vn -0.650777 0.139293 -0.746383
vn 0.627198 -0.193768 -0.754372
vn 0.627198 -0.193768 -0.754372
vn -0.836786 -0.547530 0.000002
vn -0.836786 -0.547530 0.000002
vn -0.836786 -0.547530 0.000002
vn -0.836786 -0.547530 0.000002
vn 0.202117 -0.979361 0.000000
vn 0.202117 -0.979361 0.000000
vn 0.202117 -0.979361 0.000000
vn 0.202117 -0.979361 0.000000
vn -0.650777 0.139292 0.746382
vn -0.650777 0.139292 0.746382
vn 0.627197 -0.193768 0.754372
vn 0.627197 -0.193768 0.754372
s 1
g pCube5 mg
usemtl blinn7SG
f 2/1/1 1/2/2 3/3/3 4/4/4
s 2
f 21/5/5 38/6/6 40/7/7 26/8/8
s 3
f 42/9/9 31/10/10 25/11/11 39/12/12
s 4
f 44/13/13 36/14/14 30/15/15 41/16/16
s off
f 37/17/17 20/18/18 35/19/19 43/20/20
f 38/6/21 45/21/22 47/22/23 40/7/24
f 50/23/25 42/9/26 39/12/27 48/24/28
f 52/25/29 44/13/30 41/16/31 49/26/32
f 46/27/33 37/17/34 43/20/35 51/28/36
f 54/29/37 56/30/38 60/31/39 57/32/40
f 64/33/41 61/34/42 58/35/43 59/36/44
f 68/37/45 65/38/46 62/39/47 63/40/48
f 55/41/49 53/42/50 66/43/51 67/44/52
f 56/30/53 70/45/54 72/46/55 60/31/56
f 74/47/57 64/33/58 59/36/59 71/48/60
f 76/49/61 68/37/62 63/40/63 73/50/64
f 69/51/65 55/41/66 67/44/67 75/52/68
f 61/34/69 50/23/70 48/24/71 58/35/72
f 65/38/73 52/25/74 49/26/75 62/39/76
f 53/42/77 46/27/78 51/28/79 66/43/80
f 57/32/81 47/22/82 45/21/83 54/29/84
f 70/45/85 78/53/86 80/54/87 72/46/88
f 82/55/89 74/47/90 71/48/91 79/56/92
f 84/57/93 76/49/94 73/50/95 81/58/96
f 77/59/97 69/51/98 75/52/99 83/60/100
s 26
f 78/53/101 86/61/102 89/62/103 80/54/104
s off
f 93/63/105 82/55/106 79/56/107 88/64/108
s 28
f 95/65/109 84/57/110 81/58/111 92/66/112
s off
f 87/67/113 77/59/114 83/60/115 94/68/116
f 99/79/117 97/80/118 14/85/119 15/86/120
s 31
f 103/105/121 101/106/122 10/110/123 11/112/124
s 28
f 97/70/125 96/77/126 13/78/127 14/71/128
s 1
f 1/2/2 2/1/1 6/114/129 5/116/130
s 26
f 16/81/131 85/82/132 99/69/133 15/72/134
f 101/74/135 90/83/136 9/84/137 10/75/138
s 1
f 4/4/4 3/3/3 8/118/139 7/120/140
s 28
f 12/87/141 91/88/142 103/73/143 11/76/144
s 32
f 112/89/145 109/90/146 106/91/147 107/92/148
s 33
f 114/121/149 112/122/150 107/125/151 115/126/152
s 34
f 115/94/153 119/95/154 118/96/155 114/93/156
f 122/97/157 118/96/155 119/95/154 123/98/158
f 126/99/159 122/97/157 123/98/158 127/100/160
s off
f 130/127/161 126/128/162 127/129/163 131/130/164
s 32
f 131/102/165 135/103/166 134/104/167 130/101/168
f 109/90/146 134/104/167 135/103/166 106/91/147
s 1
f 4/4/4 7/120/140 108/133/169 105/134/170
s 36
f 10/75/171 9/84/172 110/107/173 111/108/174
f 11/137/175 10/138/171 111/139/174 113/140/176
s 1
f 7/120/140 8/118/139 116/143/177 108/133/169
s 36
f 12/87/178 11/76/175 113/109/176 117/111/179
s 1
f 8/118/139 3/3/3 120/144/180 116/143/177
s 36
f 13/78/181 12/87/178 117/111/179 121/113/182
s 1
f 3/3/3 1/2/2 124/197/183 120/144/180
s 36
f 14/71/184 13/78/181 121/113/182 125/115/185
s 1
f 1/2/2 5/116/130 128/198/186 124/197/183
s 36
f 15/86/187 14/85/184 125/141/185 129/142/188
s 1
f 5/116/130 6/114/129 132/199/189 128/198/186
s 36
f 16/81/190 15/72/187 129/117/188 133/119/191
s 1
f 6/114/129 2/1/1 136/200/192 132/199/189
s 36
f 9/84/172 16/81/190 133/119/191 110/107/173
s 1
f 2/1/1 4/4/4 105/134/170 136/200/192
s 26
f 90/83/136 89/62/103 86/61/102 85/82/132 16/81/131 9/84/137
s 28
f 96/77/126 95/65/109 92/66/112 91/88/142 12/87/141 13/78/127
s off
f 20/18/193 18/145/194 32/146/195 35/19/196
s 2
f 26/8/8 24/123/197 19/124/198 21/5/5
s off
f 23/147/199 28/148/200 33/149/201 17/150/202
s 3
f 31/10/10 29/151/203 22/152/204 25/11/11
s 4
f 36/14/14 34/131/205 27/132/206 30/15/15
s off
f 88/64/207 102/153/208 104/154/209 93/63/210
f 94/68/211 98/155/212 100/156/213 87/67/214
f 18/145/215 17/150/216 33/149/217 32/146/218
s 42
f 19/157/219 18/145/220 20/18/221 21/158/222
s off
f 17/150/223 19/157/224 24/159/225 23/147/226
s 42
f 21/158/222 20/18/221 37/17/227 38/160/228
s off
f 23/147/229 22/152/230 29/151/231 28/148/232
s 45
f 22/152/233 24/159/234 26/161/235 25/11/236
f 25/11/236 26/161/235 40/162/237 39/12/238
s off
f 28/148/239 27/163/240 34/164/241 33/149/242
s 47
f 27/163/243 29/151/244 31/10/245 30/165/246
f 30/165/246 31/10/245 42/9/247 41/166/248
s 48
f 32/146/249 34/164/250 36/167/251 35/19/252
f 35/19/252 36/167/251 44/168/253 43/20/254
s 42
f 38/160/228 37/17/227 46/27/255 45/169/256
s 45
f 39/12/238 40/162/237 47/170/257 48/24/258
s 47
f 41/166/248 42/9/247 50/23/259 49/171/260
s 48
f 43/20/254 44/168/253 52/172/261 51/28/262
s 42
f 45/169/256 46/27/255 53/42/263 54/173/264
s 45
f 48/24/258 47/170/257 57/174/265 58/35/266
s 47
f 49/171/260 50/23/259 61/34/267 62/175/268
s 48
f 51/28/262 52/172/261 65/176/269 66/43/270
s 49
f 54/173/271 53/42/272 55/41/273 56/177/274
f 56/177/274 55/41/273 69/51/275 70/178/276
s 45
f 58/35/266 57/174/265 60/179/277 59/36/278
f 59/36/278 60/179/277 72/180/279 71/48/280
s 47
f 62/175/268 61/34/267 64/33/281 63/181/282
f 63/181/282 64/33/281 74/47/283 73/182/284
s 50
f 66/43/285 65/176/286 68/183/287 67/44/288
f 67/44/288 68/183/287 76/184/289 75/52/290
s 49
f 70/178/276 69/51/275 77/59/291 78/185/292
s 45
f 71/48/280 72/180/279 80/186/293 79/56/294
s 47
f 73/182/284 74/47/283 82/55/295 81/187/296
s 50
f 75/52/290 76/184/289 84/188/297 83/60/298
s 49
f 78/185/292 77/59/291 87/67/299 86/189/300
s 45
f 79/56/294 80/186/293 89/190/301 88/64/302
s 47
f 81/187/296 82/55/295 93/63/303 92/191/304
s 50
f 83/60/298 84/188/297 95/192/305 94/68/306
s 51
f 85/193/307 87/67/308 100/156/309 99/79/310
s 52
f 88/64/311 90/194/312 101/106/313 102/153/314
s 53
f 91/195/315 93/63/316 104/154/317 103/105/318
s 54
f 94/68/319 96/196/320 97/80/321 98/155/322
s off
f 98/155/323 97/80/324 99/79/325 100/156/326
s 31
f 102/153/327 101/106/122 103/105/121 104/154/328
s off
f 17/150/329 18/145/330 19/157/331
f 22/152/332 23/147/333 24/159/334
f 27/163/335 28/148/336 29/151/337
f 32/146/338 33/149/339 34/164/340
s 51
f 85/193/307 86/189/341 87/67/308
s 52
f 88/64/311 89/190/342 90/194/312
s 53
f 91/195/315 92/191/343 93/63/316
s 54
f 94/68/319 95/192/344 96/196/320
s 60
f 105/134/345 106/201/346 135/202/347 136/200/348
f 106/201/346 105/134/345 108/133/349 107/203/350
s off
f 107/203/351 108/133/352 116/143/353 115/204/354
s 62
f 109/90/355 110/107/356 133/119/357 134/104/358
f 110/107/356 109/90/355 112/89/359 111/108/360
s 33
f 111/135/361 112/122/150 114/121/149 113/136/362
s 63
f 113/109/363 114/93/364 118/96/365 117/111/366
s 64
f 115/204/367 116/143/368 120/144/369 119/205/370
s 63
f 117/111/366 118/96/365 122/97/371 121/113/372
s 64
f 119/205/370 120/144/369 124/197/373 123/206/374
s 63
f 121/113/372 122/97/371 126/99/375 125/115/376
s 64
f 123/206/374 124/197/373 128/198/377 127/207/378
s off
f 125/141/379 126/128/380 130/127/381 129/142/382
f 127/207/383 128/198/384 132/199/385 131/208/386
s 62
f 129/117/387 130/101/388 134/104/358 133/119/357
s 60
f 131/208/389 132/199/390 136/200/348 135/202/347
g default
v -25.539816 3.891948 -0.093322
v -25.539816 3.824685 -0.225333
v -25.539816 3.719921 -0.330097
v -25.539816 3.587911 -0.397359
v -25.539816 3.441576 -0.420536
v -25.539816 3.295241 -0.397359
v -25.539816 3.163231 -0.330097
v -25.539816 3.058466 -0.225333
v -25.539816 2.991204 -0.093322
v -25.539816 2.968027 0.053013
v -25.539816 2.991204 0.199347
v -25.539816 3.058466 0.331358
v -25.539816 3.163231 0.436122
v -25.539816 3.295241 0.503385
v -25.539816 3.441576 0.526562
v -25.539816 3.587910 0.503384
v -25.539816 3.719921 0.436122
v -25.539816 3.824685 0.331358
v -25.539816 3.891948 0.199347
v -25.539816 3.915125 0.053013
v -29.572231 3.826894 -0.072185
v -29.572231 3.769347 -0.185127
v -29.572231 3.679715 -0.274759
v -29.572231 3.566773 -0.332306
v -29.572231 3.441576 -0.352135
v -29.572231 3.316378 -0.332306
v -29.572231 3.203436 -0.274759
v -29.572231 3.113805 -0.185127
v -29.572231 3.056258 -0.072185
v -29.572231 3.036428 0.053013
v -29.572231 3.056258 0.178210
v -29.572231 3.113805 0.291152
v -29.572231 3.203436 0.380784
v -29.572231 3.316378 0.438331
v -29.572231 3.441576 0.458160
v -29.572231 3.566773 0.438331
v -29.572231 3.679715 0.380784
v -29.572231 3.769347 0.291152
v -29.572231 3.826894 0.178210
v -29.572231 3.846723 0.053013
v -25.800247 3.441576 0.526562
v -25.800247 3.295241 0.503385
v -25.800247 3.163231 0.436122
v -25.800247 3.058466 0.331358
v -25.800247 2.991204 0.199347
v -25.800247 2.968027 0.053013
v -25.800247 2.991204 -0.093322
v -25.800247 3.058466 -0.225333
v -25.800247 3.163231 -0.330097
v -25.800247 3.295241 -0.397359
v -25.800247 3.441576 -0.420536
v -25.800247 3.587911 -0.397359
v -25.800247 3.719921 -0.330097
v -25.800247 3.824685 -0.225333
v -25.800247 3.891948 -0.093322
v -25.800247 3.915125 0.053013
v -25.800247 3.891948 0.199347
v -25.800247 3.824685 0.331358
v -25.800247 3.719921 0.436122
v -25.800247 3.587910 0.503384
v -25.936207 3.441576 0.526562
v -25.936207 3.295241 0.503385
v -25.936207 3.163231 0.436122
v -25.936207 3.058466 0.331358
v -25.936207 2.991204 0.199347
v -25.936207 2.968027 0.053013
v -25.936207 2.991204 -0.093322
v -25.936207 3.058466 -0.225333
v -25.936207 3.163231 -0.330097
v -25.936207 3.295241 -0.397359
v -25.936207 3.441576 -0.420536
v -25.936207 3.587911 -0.397359
v -25.936207 3.719921 -0.330097
v -25.936207 3.824685 -0.225333
v -25.936207 3.891948 -0.093322
v -25.936207 3.915125 0.053013
v -25.936207 3.891948 0.199347
v -25.936207 3.824685 0.331358
v -25.936207 3.719921 0.436122
v -25.936207 3.587910 0.503384
v -26.518116 3.441576 0.526562
v -26.518116 3.295241 0.503385
v -26.518116 3.163231 0.436122
v -26.518116 3.058466 0.331358
v -26.518116 2.991204 0.199347
v -26.518116 2.968027 0.053013
v -26.518116 2.991204 -0.093322
v -26.518116 3.058466 -0.225333
v -26.518116 3.163231 -0.330097
v -26.518116 3.295241 -0.397359
v -26.518116 3.441576 -0.420536
v -26.518116 3.587911 -0.397359
v -26.518116 3.719921 -0.330097
v -26.518116 3.824685 -0.225333
v -26.518116 3.891948 -0.093322
v -26.518116 3.915125 0.053013
v -26.518116 3.891948 0.199347
v -26.518116 3.824685 0.331358
v -26.518116 3.719921 0.436122
v -26.518116 3.587910 0.503384
v -26.692144 3.441576 0.526562
v -26.692144 3.295241 0.503385
v -26.692144 3.163231 0.436122
v -26.692144 3.058466 0.331358
v -26.692144 2.991204 0.199347
v -26.692144 2.968027 0.053013
v -26.692144 2.991204 -0.093322
v -26.692144 3.058466 -0.225333
v -26.692144 3.163231 -0.330097
v -26.692144 3.295241 -0.397359
v -26.692144 3.441576 -0.420536
v -26.692144 3.587911 -0.397359
v -26.692144 3.719921 -0.330097
v -26.692144 3.824685 -0.225333
v -26.692144 3.891948 -0.093322
v -26.692144 3.915125 0.053013
v -26.692144 3.891948 0.199347
v -26.692144 3.824685 0.331358
v -26.692144 3.719921 0.436122
v -26.692144 3.587910 0.503384
v -27.268616 3.441576 0.526562
v -27.268616 3.295241 0.503385
v -27.268616 3.163231 0.436122
v -27.268616 3.058466 0.331358
v -27.268616 2.991204 0.199347
v -27.268616 2.968027 0.053013
v -27.268616 2.991204 -0.093322
v -27.268616 3.058466 -0.225333
v -27.268616 3.163231 -0.330097
v -27.268616 3.295241 -0.397359
v -27.268616 3.441576 -0.420536
v -27.268616 3.587911 -0.397359
v -27.268616 3.719921 -0.330097
v -27.268616 3.824685 -0.225333
v -27.268616 3.891948 -0.093322
v -27.268616 3.915125 0.053013
v -27.268616 3.891948 0.199347
v -27.268616 3.824685 0.331358
v -27.268616 3.719921 0.436122
v -27.268616 3.587910 0.503384
v -27.442644 3.441576 0.526562
v -27.442644 3.295241 0.503385
v -27.442644 3.163231 0.436122
v -27.442644 3.058466 0.331358
v -27.442644 2.991204 0.199347
v -27.442644 2.968027 0.053013
v -27.442644 2.991204 -0.093322
v -27.442644 3.058466 -0.225333
v -27.442644 3.163231 -0.330097
v -27.442644 3.295241 -0.397359
v -27.442644 3.441576 -0.420536
v -27.442644 3.587911 -0.397359
v -27.442644 3.719921 -0.330097
v -27.442644 3.824685 -0.225333
v -27.442644 3.891948 -0.093322
v -27.442644 3.915125 0.053013
v -27.442644 3.891948 0.199347
v -27.442644 3.824685 0.331358
v -27.442644 3.719921 0.436122
v -27.442644 3.587910 0.503384
v -28.441740 3.295241 0.503385
v -28.441740 3.163231 0.436122
v -28.441740 3.058467 0.331358
v -28.441740 2.991204 0.199347
v -28.441740 2.968027 0.053013
v -28.441740 2.991204 -0.093322
v -28.441740 3.058467 -0.225333
v -28.441740 3.163231 -0.330097
v -28.441740 3.295241 -0.397359
v -28.441740 3.441576 -0.420536
v -28.441740 3.587911 -0.397359
v -28.441740 3.719921 -0.330097
v -28.441740 3.824685 -0.225333
v -28.441740 3.891948 -0.093322
v -28.441740 3.915125 0.053013
v -28.441740 3.891948 0.199347
v -28.441740 3.824685 0.331358
v -28.441740 3.719921 0.436122
v -28.441740 3.587911 0.503384
v -28.441740 3.441576 0.526562
v -29.186119 3.316378 0.438331
v -29.186119 3.203436 0.380784
v -29.186119 3.113805 0.291152
v -29.186119 3.056258 0.178210
v -29.186119 3.036428 0.053013
v -29.186119 3.056258 -0.072185
v -29.186119 3.113805 -0.185127
v -29.186119 3.203436 -0.274759
v -29.186119 3.316378 -0.332306
v -29.186119 3.441576 -0.352135
v -29.186119 3.566773 -0.332306
v -29.186119 3.679715 -0.274759
v -29.186119 3.769347 -0.185127
v -29.186119 3.826894 -0.072185
v -29.186119 3.846723 0.053013
v -29.186119 3.826894 0.178210
v -29.186119 3.769347 0.291152
v -29.186119 3.679715 0.380784
v -29.186119 3.566773 0.438331
v -29.186119 3.441576 0.458160
v -25.800247 3.441576 0.422742
v -25.800247 3.327323 0.404646
v -25.936207 3.441576 0.422742
v -25.936207 3.327323 0.404646
v -25.800247 3.224255 0.352130
v -25.936207 3.224255 0.352130
v -25.800247 3.142459 0.270334
v -25.936207 3.142459 0.270334
v -25.800247 3.089943 0.167265
v -25.936207 3.089943 0.167265
v -25.800247 3.071847 0.053013
v -25.936207 3.071847 0.053013
v -25.800247 3.089943 -0.061240
v -25.936207 3.089943 -0.061240
v -25.800247 3.142459 -0.164309
v -25.936207 3.142459 -0.164309
v -25.800247 3.224254 -0.246105
v -25.936207 3.224254 -0.246105
v -25.800247 3.327323 -0.298621
v -25.936207 3.327323 -0.298621
v -25.800247 3.441576 -0.316717
v -25.936207 3.441576 -0.316717
v -25.800247 3.555828 -0.298621
v -25.936207 3.555828 -0.298621
v -25.800247 3.658897 -0.246105
v -25.936207 3.658897 -0.246105
v -25.800247 3.740693 -0.164309
v -25.936207 3.740693 -0.164309
v -25.800247 3.793210 -0.061240
v -25.936207 3.793210 -0.061240
v -25.800247 3.811305 0.053013
v -25.936207 3.811305 0.053013
v -25.800247 3.793209 0.167265
v -25.936207 3.793209 0.167265
v -25.800247 3.740693 0.270334
v -25.936207 3.740693 0.270334
v -25.800247 3.658897 0.352130
v -25.936207 3.658897 0.352130
v -25.800247 3.555829 0.404646
v -25.936207 3.555829 0.404646
v -26.518116 3.441576 0.422742
v -26.518116 3.327323 0.404646
v -26.692144 3.441576 0.422742
v -26.692144 3.327323 0.404646
v -26.518116 3.224254 0.352130
v -26.692144 3.224254 0.352130
v -26.518116 3.142459 0.270334
v -26.692144 3.142459 0.270334
v -26.518116 3.089943 0.167265
v -26.692144 3.089943 0.167265
v -26.518116 3.071847 0.053013
v -26.692144 3.071847 0.053013
v -26.518116 3.089943 -0.061240
v -26.692144 3.089943 -0.061240
v -26.518116 3.142458 -0.164309
v -26.692144 3.142458 -0.164309
v -26.518116 3.224254 -0.246105
v -26.692144 3.224254 -0.246105
v -26.518116 3.327323 -0.298621
v -26.692144 3.327323 -0.298621
v -26.518116 3.441576 -0.316717
v -26.692144 3.441576 -0.316717
v -26.518116 3.555829 -0.298621
v -26.692144 3.555829 -0.298621
v -26.518116 3.658897 -0.246105
v -26.692144 3.658897 -0.246104
v -26.518116 3.740693 -0.164309
v -26.692144 3.740693 -0.164309
v -26.518116 3.793209 -0.061240
v -26.692144 3.793209 -0.061240
v -26.518116 3.811305 0.053012
v -26.692144 3.811305 0.053012
v -26.518114 3.793209 0.167265
v -26.692144 3.793209 0.167265
v -26.518116 3.740693 0.270334
v -26.692144 3.740693 0.270334
v -26.518116 3.658897 0.352130
v -26.692144 3.658897 0.352130
v -26.518116 3.555828 0.404646
v -26.692144 3.555828 0.404646
v -27.268614 3.441576 0.422742
v -27.268614 3.327323 0.404646
v -27.442642 3.441576 0.422742
v -27.442642 3.327323 0.404646
v -27.268614 3.224254 0.352130
v -27.442642 3.224254 0.352130
v -27.268616 3.142458 0.270334
v -27.442642 3.142458 0.270334
v -27.268614 3.089942 0.167265
v -27.442642 3.089942 0.167265
v -27.268614 3.071847 0.053013
v -27.442642 3.071847 0.053013
v -27.268616 3.089943 -0.061240
v -27.442642 3.089943 -0.061240
v -27.268616 3.142458 -0.164309
v -27.442642 3.142458 -0.164309
v -27.268614 3.224254 -0.246104
v -27.442642 3.224254 -0.246104
v -27.268614 3.327323 -0.298621
v -27.442642 3.327323 -0.298621
v -27.268614 3.441576 -0.316716
v -27.442642 3.441576 -0.316716
v -27.268614 3.555828 -0.298621
v -27.442642 3.555828 -0.298621
v -27.268616 3.658897 -0.246104
v -27.442642 3.658897 -0.246104
v -27.268616 3.740693 -0.164309
v -27.442642 3.740693 -0.164309
v -27.268616 3.793209 -0.061240
v -27.442642 3.793209 -0.061240
v -27.268614 3.811305 0.053013
v -27.442642 3.811305 0.053013
v -27.268614 3.793209 0.167265
v -27.442642 3.793209 0.167265
v -27.268616 3.740693 0.270334
v -27.442642 3.740693 0.270334
v -27.268616 3.658897 0.352130
v -27.442642 3.658897 0.352130
v -27.268614 3.555828 0.404646
v -27.442642 3.555828 0.404646
v -28.441740 3.350128 0.334461
v -28.441740 3.267632 0.292427
v -29.186119 3.350128 0.334461
v -29.186119 3.267631 0.292427
v -28.441740 3.202162 0.226957
v -29.186119 3.202162 0.226957
v -28.441740 3.160128 0.144461
v -29.186119 3.160128 0.144461
v -28.441740 3.145644 0.053013
v -29.186119 3.145644 0.053013
v -28.441740 3.160128 -0.038435
v -29.186119 3.160128 -0.038435
v -28.441740 3.202162 -0.120932
v -29.186119 3.202162 -0.120932
v -28.441740 3.267632 -0.186401
v -29.186119 3.267632 -0.186401
v -28.441740 3.350128 -0.228435
v -29.186119 3.350128 -0.228435
v -28.441740 3.441576 -0.242919
v -29.186119 3.441576 -0.242919
v -28.441740 3.533024 -0.228435
v -29.186119 3.533024 -0.228435
v -28.441740 3.615520 -0.186401
v -29.186119 3.615520 -0.186401
v -28.441740 3.680990 -0.120932
v -29.186119 3.680990 -0.120932
v -28.441740 3.723024 -0.038435
v -29.186119 3.723024 -0.038435
v -28.441740 3.737508 0.053013
v -29.186119 3.737508 0.053013
v -28.441740 3.723023 0.144461
v -29.186119 3.723023 0.144461
v -28.441740 3.680990 0.226957
v -29.186119 3.680990 0.226957
v -28.441740 3.615520 0.292427
v -29.186119 3.615520 0.292427
v -28.441740 3.533024 0.334461
v -29.186119 3.533024 0.334461
v -28.441740 3.441576 0.348944
v -29.186119 3.441576 0.348944
v -27.900125 3.587911 0.503384
v -27.900125 3.441576 0.526562
v -27.900125 3.295241 0.503385
v -27.900125 3.163231 0.436122
v -27.900125 3.058467 0.331358
v -27.900125 2.991204 0.199347
v -27.900125 2.968027 0.053013
v -27.900125 2.991204 -0.093322
v -27.900125 3.058467 -0.225333
v -27.900125 3.163231 -0.330097
v -27.900125 3.295241 -0.397359
v -27.900125 3.441576 -0.420536
v -27.900125 3.587911 -0.397359
v -27.900125 3.719921 -0.330097
v -27.900125 3.824685 -0.225333
v -27.900125 3.891948 -0.093322
v -27.900125 3.915125 0.053013
v -27.900125 3.891948 0.199347
v -27.900125 3.824685 0.331358
v -27.900125 3.719921 0.436122
v -27.900125 3.641732 0.669029
v -27.900125 3.441576 0.700731
v -28.441740 3.641732 0.669029
v -28.441740 3.441576 0.700731
v -27.900125 3.241420 0.669029
v -28.441740 3.241420 0.669029
v -27.900125 3.060857 0.577028
v -28.441740 3.060857 0.577028
v -27.900125 2.917561 0.433732
v -28.441740 2.917561 0.433732
v -27.900125 2.825559 0.253169
v -28.441740 2.825559 0.253169
v -27.900125 2.793858 0.053013
v -28.441740 2.793858 0.053013
v -27.900125 2.825559 -0.147143
v -28.441740 2.825559 -0.147143
v -27.900125 2.917561 -0.327706
v -28.441740 2.917561 -0.327706
v -27.900127 3.060857 -0.471002
v -28.441740 3.060857 -0.471002
v -27.900125 3.241420 -0.563004
v -28.441740 3.241420 -0.563004
v -27.900125 3.441576 -0.594705
v -28.441740 3.441576 -0.594705
v -27.900125 3.641732 -0.563004
v -28.441740 3.641732 -0.563004
v -27.900125 3.822295 -0.471002
v -28.441740 3.822295 -0.471002
v -27.900125 3.965590 -0.327707
v -28.441740 3.965590 -0.327707
v -27.900125 4.057592 -0.147143
v -28.441742 4.057592 -0.147143
v -27.900125 4.089294 0.053013
v -28.441742 4.089294 0.053013
v -27.900125 4.057592 0.253169
v -28.441740 4.057592 0.253169
v -27.900125 3.965591 0.433732
v -28.441740 3.965591 0.433732
v -27.900125 3.822295 0.577028
v -28.441740 3.822295 0.577028
vt 0.367194 0.013802
vt 0.378692 0.013891
vt 0.378549 0.043309
vt 0.367118 0.043220
vt 0.390073 0.014029
vt 0.389880 0.043447
vt 0.401299 0.014204
vt 0.401078 0.043622
vt 0.192443 0.014397
vt 0.192218 0.043816
vt 0.203328 0.014591
vt 0.203120 0.044009
vt 0.214061 0.014766
vt 0.213888 0.044184
vt 0.224671 0.014904
vt 0.224548 0.044322
vt 0.235196 0.014993
vt 0.235132 0.044412
vt 0.245677 0.015024
vt 0.245677 0.044442
vt 0.256159 0.014993
vt 0.256222 0.044412
vt 0.266683 0.014904
vt 0.266806 0.044322
vt 0.277294 0.014766
vt 0.277466 0.044184
vt 0.288027 0.014591
vt 0.288235 0.044009
vt 0.298911 0.014397
vt 0.299136 0.043816
vt 0.309965 0.014204
vt 0.310185 0.043622
vt 0.321191 0.014029
vt 0.321383 0.043447
vt 0.332571 0.013891
vt 0.332714 0.043309
vt 0.344070 0.013802
vt 0.344146 0.043220
vt 0.355632 0.013771
vt 0.355632 0.043189
vt 0.355632 0.469362
vt 0.366031 0.469388
vt 0.376479 0.469465
vt 0.387024 0.469583
vt 0.397710 0.469732
vt 0.199721 0.470064
vt 0.210982 0.470213
vt 0.222427 0.470332
vt 0.234014 0.470408
vt 0.245677 0.470434
vt 0.257341 0.470408
vt 0.268927 0.470332
vt 0.280372 0.470213
vt 0.291634 0.470064
vt 0.302692 0.469898
vt 0.313553 0.469732
vt 0.324239 0.469583
vt 0.334785 0.469465
vt 0.345233 0.469388
vt 0.287842 0.043967
vt 0.298710 0.043816
vt 0.298861 0.059174
vt 0.287980 0.059325
vt 0.277141 0.044103
vt 0.277255 0.059461
vt 0.266575 0.044212
vt 0.266656 0.059569
vt 0.256102 0.044281
vt 0.256144 0.059639
vt 0.245677 0.044305
vt 0.245677 0.059663
vt 0.235252 0.044281
vt 0.235210 0.059639
vt 0.224780 0.044212
vt 0.224698 0.059569
vt 0.214213 0.044103
vt 0.214099 0.059461
vt 0.203513 0.043967
vt 0.203374 0.059325
vt 0.192644 0.043816
vt 0.192493 0.059174
vt 0.401496 0.043665
vt 0.401348 0.059022
vt 0.390246 0.043528
vt 0.390116 0.058886
vt 0.378821 0.043420
vt 0.378724 0.058778
vt 0.367263 0.043351
vt 0.367212 0.058709
vt 0.355632 0.043326
vt 0.355632 0.058685
vt 0.344001 0.043351
vt 0.344052 0.058709
vt 0.332442 0.043420
vt 0.332539 0.058778
vt 0.321018 0.043528
vt 0.321147 0.058886
vt 0.309768 0.043665
vt 0.309916 0.059022
vt 0.288344 0.059367
vt 0.299253 0.059174
vt 0.299757 0.124906
vt 0.288812 0.125100
vt 0.277557 0.059542
vt 0.277949 0.125274
vt 0.266871 0.059680
vt 0.267152 0.125413
vt 0.256256 0.059769
vt 0.256402 0.125502
vt 0.245677 0.059800
vt 0.245677 0.125533
vt 0.235098 0.059769
vt 0.234952 0.125502
vt 0.224483 0.059680
vt 0.224202 0.125413
vt 0.213797 0.059542
vt 0.213405 0.125274
vt 0.203011 0.059367
vt 0.202542 0.125100
vt 0.192101 0.059174
vt 0.191597 0.124906
vt 0.400475 0.124712
vt 0.389780 0.058805
vt 0.389357 0.124538
vt 0.378475 0.058667
vt 0.378163 0.124399
vt 0.367079 0.058578
vt 0.366913 0.124310
vt 0.355632 0.058547
vt 0.355632 0.124280
vt 0.344185 0.058578
vt 0.344351 0.124310
vt 0.332788 0.058667
vt 0.333101 0.124399
vt 0.321483 0.058805
vt 0.321907 0.124538
vt 0.310300 0.058980
vt 0.310788 0.124712
vt 0.288577 0.125057
vt 0.299505 0.124906
vt 0.299697 0.144564
vt 0.288757 0.144715
vt 0.277752 0.125194
vt 0.277902 0.144852
vt 0.267011 0.125302
vt 0.267118 0.144960
vt 0.256329 0.125371
vt 0.256385 0.145029
vt 0.245677 0.125395
vt 0.245677 0.145053
vt 0.235026 0.125371
vt 0.234969 0.145029
vt 0.224344 0.125302
vt 0.224236 0.144960
vt 0.213602 0.125194
vt 0.213452 0.144852
vt 0.202777 0.125057
vt 0.202597 0.144715
vt 0.191849 0.124906
vt 0.191657 0.144564
vt 0.400719 0.124755
vt 0.400532 0.144413
vt 0.389568 0.124619
vt 0.389406 0.144277
vt 0.378318 0.124510
vt 0.378199 0.144168
vt 0.366995 0.124441
vt 0.366932 0.144099
vt 0.355632 0.124417
vt 0.355632 0.144075
vt 0.344269 0.124441
vt 0.344332 0.144099
vt 0.332945 0.124510
vt 0.333064 0.144168
vt 0.321695 0.124619
vt 0.321857 0.144277
vt 0.310544 0.124755
vt 0.310731 0.144413
vt 0.288954 0.144758
vt 0.299907 0.144564
vt 0.300406 0.209682
vt 0.289424 0.209876
vt 0.278067 0.144932
vt 0.278464 0.210051
vt 0.267237 0.145071
vt 0.267524 0.210189
vt 0.256447 0.145160
vt 0.256597 0.210278
vt 0.245677 0.145191
vt 0.245677 0.210309
vt 0.234907 0.145160
vt 0.234757 0.210278
vt 0.224117 0.145071
vt 0.223830 0.210189
vt 0.213287 0.144932
vt 0.212890 0.210051
vt 0.202401 0.144758
vt 0.201930 0.209876
vt 0.191447 0.144564
vt 0.190948 0.209682
vt 0.399851 0.209489
vt 0.389232 0.144196
vt 0.388821 0.209314
vt 0.378071 0.144057
vt 0.377771 0.209175
vt 0.366864 0.143968
vt 0.366706 0.209086
vt 0.355632 0.143938
vt 0.355632 0.209056
vt 0.344400 0.143968
vt 0.344558 0.209086
vt 0.333192 0.144057
vt 0.333493 0.209175
vt 0.322032 0.144196
vt 0.322442 0.209314
vt 0.310934 0.144370
vt 0.311412 0.209489
vt 0.289358 0.209833
vt 0.300336 0.209682
vt 0.300529 0.229340
vt 0.289541 0.229492
vt 0.278409 0.209970
vt 0.278563 0.229628
vt 0.267483 0.210078
vt 0.267596 0.229736
vt 0.256576 0.210147
vt 0.256635 0.229805
vt 0.245677 0.210171
vt 0.245677 0.229829
vt 0.234778 0.210148
vt 0.234720 0.229805
vt 0.223871 0.210078
vt 0.223759 0.229736
vt 0.212946 0.209970
vt 0.212791 0.229628
vt 0.201996 0.209833
vt 0.201814 0.229492
vt 0.191018 0.209682
vt 0.190825 0.229340
vt 0.399918 0.209531
vt 0.399734 0.229189
vt 0.388878 0.209395
vt 0.388721 0.229053
vt 0.377812 0.209287
vt 0.377697 0.228945
vt 0.366728 0.209217
vt 0.366667 0.228875
vt 0.355632 0.209193
vt 0.355632 0.228851
vt 0.344537 0.209217
vt 0.344597 0.228875
vt 0.333451 0.209287
vt 0.333566 0.228945
vt 0.322385 0.209395
vt 0.322542 0.229053
vt 0.311346 0.209531
vt 0.311530 0.229189
vt 0.289567 0.229534
vt 0.300557 0.229340
vt 0.300953 0.281018
vt 0.289944 0.281211
vt 0.278586 0.229709
vt 0.278907 0.281386
vt 0.267612 0.229847
vt 0.267846 0.281524
vt 0.256643 0.229936
vt 0.256766 0.281613
vt 0.245677 0.229967
vt 0.245677 0.281644
vt 0.234711 0.229936
vt 0.234588 0.281613
vt 0.223742 0.229847
vt 0.223509 0.281524
vt 0.212769 0.229709
vt 0.212447 0.281386
vt 0.201787 0.229534
vt 0.201410 0.281211
vt 0.190797 0.229340
vt 0.410311 0.281018
vt 0.399331 0.280824
vt 0.388699 0.228972
vt 0.388379 0.280649
vt 0.377681 0.228834
vt 0.377450 0.280511
vt 0.366659 0.228745
vt 0.366537 0.280422
vt 0.355632 0.228714
vt 0.355632 0.280391
vt 0.344605 0.228745
vt 0.344727 0.280422
vt 0.333582 0.228834
vt 0.333814 0.280511
vt 0.322565 0.228972
vt 0.322884 0.280649
vt 0.311556 0.229147
vt 0.311932 0.280824
vt 0.279678 0.342428
vt 0.290839 0.342319
vt 0.291848 0.426404
vt 0.280562 0.426513
vt 0.268411 0.342515
vt 0.269069 0.426600
vt 0.257066 0.342571
vt 0.257417 0.426655
vt 0.245677 0.342590
vt 0.245677 0.426675
vt 0.234289 0.342571
vt 0.233938 0.426655
vt 0.222943 0.342515
vt 0.222285 0.426600
vt 0.211676 0.342428
vt 0.210793 0.426513
vt 0.200515 0.342319
vt 0.199506 0.426404
vt 0.409383 0.342198
vt 0.408354 0.426283
vt 0.398460 0.342077
vt 0.397511 0.426162
vt 0.387646 0.341968
vt 0.386861 0.426053
vt 0.376923 0.341881
vt 0.376363 0.425966
vt 0.366262 0.341826
vt 0.365971 0.425911
vt 0.355632 0.341807
vt 0.355632 0.425892
vt 0.345003 0.341826
vt 0.345293 0.425911
vt 0.334341 0.341881
vt 0.334901 0.425966
vt 0.323617 0.341968
vt 0.324403 0.426053
vt 0.312803 0.342077
vt 0.313752 0.426162
vt 0.301881 0.342198
vt 0.302909 0.426283
vt 0.280037 0.426598
vt 0.291251 0.426449
vt 0.268677 0.426717
vt 0.257207 0.426793
vt 0.245677 0.426819
vt 0.234147 0.426793
vt 0.222677 0.426717
vt 0.211318 0.426598
vt 0.200103 0.426449
vt 0.398069 0.426117
vt 0.387321 0.425968
vt 0.376690 0.425849
vt 0.366141 0.425773
vt 0.355632 0.425747
vt 0.345123 0.425773
vt 0.334573 0.425849
vt 0.323942 0.425968
vt 0.313194 0.426117
vt 0.302303 0.426283
vt 0.279293 0.342566
vt 0.290394 0.342392
vt 0.268128 0.342705
vt 0.256915 0.342794
vt 0.245677 0.342825
vt 0.234439 0.342794
vt 0.223226 0.342705
vt 0.212061 0.342566
vt 0.200960 0.342392
vt 0.398890 0.342005
vt 0.388007 0.341830
vt 0.377181 0.341691
vt 0.366396 0.341602
vt 0.355632 0.341572
vt 0.344868 0.341602
vt 0.334083 0.341691
vt 0.323257 0.341830
vt 0.312373 0.342005
vt 0.301421 0.342198
vt 0.300873 0.281018
vt 0.311856 0.280753
vt 0.312180 0.341933
vt 0.301215 0.342198
vt 0.289868 0.281282
vt 0.290196 0.342463
vt 0.278842 0.281521
vt 0.279123 0.342702
vt 0.267798 0.281711
vt 0.268003 0.342892
vt 0.256741 0.281833
vt 0.256849 0.343013
vt 0.245677 0.281875
vt 0.245677 0.343055
vt 0.234613 0.281833
vt 0.234505 0.343013
vt 0.223556 0.281711
vt 0.223351 0.342892
vt 0.212513 0.281522
vt 0.212232 0.342702
vt 0.201487 0.281282
vt 0.201159 0.342463
vt 0.410391 0.281018
vt 0.410048 0.342198
vt 0.399408 0.280753
vt 0.399084 0.341933
vt 0.388443 0.280514
vt 0.388170 0.341695
vt 0.377496 0.280324
vt 0.377299 0.341505
vt 0.366562 0.280203
vt 0.366458 0.341383
vt 0.355632 0.280161
vt 0.355632 0.341341
vt 0.344703 0.280203
vt 0.344806 0.341383
vt 0.333767 0.280324
vt 0.333965 0.341505
vt 0.322820 0.280514
vt 0.323094 0.341695
vt 0.412353 0.014397
vt 0.419631 0.470064
vt 0.430892 0.470213
vt 0.442337 0.470332
vt 0.453924 0.470408
vt 0.465587 0.470434
vt 0.477250 0.470408
vt 0.488837 0.470332
vt 0.500282 0.470213
vt 0.511543 0.470064
vt 0.522602 0.469898
vt 0.533463 0.469732
vt 0.544149 0.469583
vt 0.554695 0.469465
vt 0.565143 0.469388
vt 0.575543 0.469362
vt 0.585941 0.469388
vt 0.596390 0.469465
vt 0.606936 0.469583
vt 0.617621 0.469732
vt 0.412403 0.059174
vt 0.412010 0.059174
vt 0.411566 0.144564
vt 0.411357 0.144564
vt 0.410735 0.229340
vt 0.410707 0.229340
vt 0.421697 0.229534
vt 0.419416 0.426404
vt 0.420013 0.426449
vt 0.408571 0.469898
vt 0.412128 0.043816
vt 0.412553 0.043816
vt 0.400963 0.058980
vt 0.411507 0.124906
vt 0.411759 0.124906
vt 0.400330 0.144370
vt 0.410858 0.209682
vt 0.410928 0.209682
vt 0.399708 0.229147
vt 0.420870 0.342392
vt 0.420425 0.342319
vt 0.408961 0.426283
vt 0.421068 0.342463
vt 0.421320 0.281211
vt 0.421396 0.281282
vt 0.409842 0.342198
vn 0.000000 0.951056 -0.309017
vn -0.000000 0.809017 -0.587786
vn -0.000000 0.809017 -0.587786
vn 0.000000 0.951056 -0.309017
vn -0.000000 0.587786 -0.809017
vn -0.000000 0.587786 -0.809017
vn 0.000000 0.309017 -0.951056
vn 0.000000 0.309017 -0.951056
vn -0.000000 -0.000000 -1.000000
vn -0.000000 -0.000000 -1.000000
vn -0.000000 -0.309017 -0.951056
vn -0.000000 -0.309017 -0.951056
vn -0.000000 -0.587785 -0.809017
vn -0.000000 -0.587785 -0.809017
vn 0.000000 -0.809017 -0.587785
vn 0.000000 -0.809017 -0.587785
vn 0.000000 -0.951057 -0.309016
vn 0.000000 -0.951057 -0.309016
vn -0.000000 -1.000000 0.000000
vn -0.000000 -1.000000 0.000000
vn 0.000000 -0.951057 0.309016
vn 0.000000 -0.951057 0.309016
vn 0.000000 -0.809017 0.587785
vn 0.000000 -0.809017 0.587785
vn -0.000000 -0.587785 0.809017
vn -0.000000 -0.587785 0.809017
vn -0.000000 -0.309017 0.951057
vn -0.000000 -0.309017 0.951057
vn 0.000000 0.000000 1.000000
vn 0.000000 0.000000 1.000000
vn -0.000000 0.309017 0.951057
vn -0.000000 0.309017 0.951057
vn -0.000000 0.587785 0.809017
vn -0.000000 0.587785 0.809017
vn -0.000000 0.809017 0.587786
vn -0.000000 0.809017 0.587786
vn 0.000000 0.951056 0.309017
vn 0.000000 0.951056 0.309017
vn 0.000000 1.000000 0.000000
vn 0.000000 1.000000 0.000000
vn 1.000000 -0.000000 0.000000
vn 1.000000 -0.000000 0.000000
vn 1.000000 -0.000000 0.000000
vn 1.000000 -0.000000 0.000000
vn 1.000000 -0.000000 0.000000
vn 1.000000 -0.000000 0.000000
vn 1.000000 -0.000000 0.000000
vn 1.000000 -0.000000 0.000000
vn 1.000000 -0.000000 0.000000
vn 1.000000 -0.000000 0.000000
vn 1.000000 -0.000000 0.000000
vn 1.000000 -0.000000 0.000000
vn 1.000000 -0.000000 0.000000
vn 1.000000 -0.000000 0.000000
vn 1.000000 -0.000000 0.000000
vn 1.000000 -0.000000 0.000000
vn 1.000000 -0.000000 0.000000
vn 1.000000 -0.000000 0.000000
vn 1.000000 -0.000000 0.000000
vn 1.000000 -0.000000 0.000000
vn -1.000000 0.000000 0.000000
vn -1.000000 0.000000 0.000000
vn -1.000000 0.000000 0.000000
vn -1.000000 0.000000 0.000000
vn -1.000000 0.000000 0.000000
vn -1.000000 0.000000 0.000000
vn -1.000000 0.000000 0.000000
vn -1.000000 0.000000 0.000000
vn -1.000000 0.000000 0.000000
vn -1.000000 0.000000 0.000000
vn -1.000000 0.000000 0.000000
vn -1.000000 0.000000 0.000000
vn -1.000000 0.000000 0.000000
vn -1.000000 0.000000 0.000000
vn -1.000000 0.000000 0.000000
vn -1.000000 0.000000 0.000000
vn -1.000000 0.000000 0.000000
vn -1.000000 0.000000 0.000000
vn -1.000000 0.000000 0.000000
vn -1.000000 0.000000 0.000000
vn -0.000000 -0.309017 0.951057
vn -0.000000 0.000001 1.000000
vn -0.000000 0.000001 1.000000
vn -0.000000 -0.309017 0.951057
vn -0.000000 -0.587785 0.809017
vn -0.000000 -0.587785 0.809017
vn -0.000000 -0.809017 0.587785
vn -0.000000 -0.809017 0.587785
vn 0.000000 -0.951056 0.309017
vn 0.000000 -0.951056 0.309017
vn 0.000000 -1.000000 -0.000000
vn 0.000000 -1.000000 -0.000000
vn 0.000000 -0.951056 -0.309017
vn 0.000000 -0.951056 -0.309017
vn -0.000000 -0.809018 -0.587784
vn -0.000000 -0.809018 -0.587784
vn -0.000000 -0.587786 -0.809017
vn -0.000000 -0.587786 -0.809017
vn -0.000000 -0.309017 -0.951056
vn -0.000000 -0.309017 -0.951056
vn -0.000000 -0.000000 -1.000000
vn -0.000000 -0.000000 -1.000000
vn -0.000000 0.309017 -0.951056
vn -0.000000 0.309017 -0.951056
vn -0.000000 0.587784 -0.809018
vn -0.000000 0.587784 -0.809018
vn -0.000000 0.809016 -0.587787
vn -0.000000 0.809016 -0.587787
vn 0.000000 0.951057 -0.309016
vn 0.000000 0.951057 -0.309016
vn 0.000000 1.000000 0.000003
vn 0.000000 1.000000 0.000003
vn 0.000000 0.951056 0.309018
vn 0.000000 0.951056 0.309018
vn 0.000000 0.809017 0.587785
vn 0.000000 0.809017 0.587785
vn 0.000000 0.587786 0.809016
vn 0.000000 0.587786 0.809016
vn -0.000000 0.309018 0.951056
vn -0.000000 0.309018 0.951056
vn -0.000000 -0.309017 0.951057
vn 0.000000 0.000000 1.000000
vn 0.000000 0.000000 1.000000
vn -0.000000 -0.309017 0.951057
vn -0.000000 -0.587785 0.809017
vn -0.000000 -0.587785 0.809017
vn -0.000000 -0.809017 0.587785
vn -0.000000 -0.809017 0.587785
vn -0.000000 -0.951057 0.309016
vn -0.000000 -0.951057 0.309016
vn -0.000000 -1.000000 -0.000000
vn -0.000000 -1.000000 -0.000000
vn -0.000000 -0.951057 -0.309016
vn -0.000000 -0.951057 -0.309016
vn -0.000000 -0.809017 -0.587785
vn -0.000000 -0.809017 -0.587785
vn 0.000000 -0.587785 -0.809017
vn 0.000000 -0.587785 -0.809017
vn 0.000000 -0.309017 -0.951056
vn 0.000000 -0.309017 -0.951056
vn 0.000000 -0.000000 -1.000000
vn 0.000000 -0.000000 -1.000000
vn -0.000000 0.309017 -0.951056
vn -0.000000 0.309017 -0.951056
vn -0.000000 0.587786 -0.809017
vn -0.000000 0.587786 -0.809017
vn 0.000000 0.809017 -0.587786
vn 0.000000 0.809017 -0.587786
vn -0.000000 0.951057 -0.309017
vn -0.000000 0.951057 -0.309017
vn -0.000000 1.000000 0.000000
vn -0.000000 1.000000 0.000000
vn 0.000000 0.951056 0.309017
vn 0.000000 0.951056 0.309017
vn 0.000000 0.809017 0.587786
vn 0.000000 0.809017 0.587786
vn 0.000000 0.587785 0.809017
vn 0.000000 0.587785 0.809017
vn -0.000000 0.309017 0.951056
vn -0.000000 0.309017 0.951056
vn -0.000000 -0.309017 0.951056
vn 0.000000 0.000000 1.000000
vn 0.000000 0.000000 1.000000
vn -0.000000 -0.309017 0.951056
vn -0.000000 -0.587785 0.809017
vn -0.000000 -0.587785 0.809017
vn -0.000000 -0.809017 0.587785
vn -0.000000 -0.809017 0.587785
vn -0.000000 -0.951057 0.309016
vn -0.000000 -0.951057 0.309016
vn -0.000000 -1.000000 -0.000000
vn -0.000000 -1.000000 -0.000000
vn -0.000000 -0.951057 -0.309015
vn -0.000000 -0.951057 -0.309015
vn -0.000000 -0.809018 -0.587784
vn -0.000000 -0.809018 -0.587784
vn -0.000000 -0.587785 -0.809017
vn -0.000000 -0.587785 -0.809017
vn -0.000000 -0.309017 -0.951057
vn -0.000000 -0.309017 -0.951057
vn -0.000000 -0.000000 -1.000000
vn -0.000000 -0.000000 -1.000000
vn -0.000000 0.309018 -0.951056
vn -0.000000 0.309018 -0.951056
vn -0.000000 0.587787 -0.809016
vn -0.000000 0.587787 -0.809016
vn -0.000000 0.809016 -0.587787
vn -0.000000 0.809016 -0.587787
vn 0.000000 0.951056 -0.309017
vn 0.000000 0.951056 -0.309017
vn 0.000000 1.000000 0.000002
vn 0.000000 1.000000 0.000002
vn 0.000000 0.951057 0.309017
vn 0.000000 0.951057 0.309017
vn 0.000000 0.809017 0.587785
vn 0.000000 0.809017 0.587785
vn 0.000000 0.587785 0.809017
vn 0.000000 0.587785 0.809017
vn 0.000000 0.309017 0.951056
vn 0.000000 0.309017 0.951056
vn 0.000000 -0.309017 0.951056
vn 0.000000 0.000000 1.000000
vn 0.000000 0.000000 1.000000
vn 0.000000 -0.309017 0.951056
vn -0.000000 -0.587785 0.809017
vn -0.000000 -0.587785 0.809017
vn -0.000000 -0.809017 0.587785
vn -0.000000 -0.809017 0.587785
vn 0.000000 -0.951057 0.309016
vn 0.000000 -0.951057 0.309016
vn 0.000000 -1.000000 0.000000
vn 0.000000 -1.000000 0.000000
vn 0.000000 -0.951057 -0.309016
vn 0.000000 -0.951057 -0.309016
vn -0.000000 -0.809017 -0.587785
vn -0.000000 -0.809017 -0.587785
vn -0.000000 -0.587785 -0.809017
vn -0.000000 -0.587785 -0.809017
vn -0.000000 -0.309017 -0.951056
vn -0.000000 -0.309017 -0.951056
vn -0.000000 -0.000000 -1.000000
vn -0.000000 -0.000000 -1.000000
vn -0.000000 0.309017 -0.951056
vn -0.000000 0.309017 -0.951056
vn -0.000000 0.587786 -0.809017
vn -0.000000 0.587786 -0.809017
vn 0.000000 0.809017 -0.587786
vn 0.000000 0.809017 -0.587786
vn 0.000000 0.951056 -0.309017
vn 0.000000 0.951056 -0.309017
vn 0.000000 1.000000 0.000000
vn 0.000000 1.000000 0.000000
vn 0.000000 0.951056 0.309017
vn 0.000000 0.951056 0.309017
vn 0.000000 0.809017 0.587786
vn 0.000000 0.809017 0.587786
vn 0.000000 0.587785 0.809017
vn 0.000000 0.587785 0.809017
vn -0.000000 0.309017 0.951056
vn -0.000000 0.309017 0.951056
vn 0.000000 -0.309017 0.951057
vn 0.000000 0.000000 1.000000
vn 0.000000 0.000000 1.000000
vn 0.000000 -0.309017 0.951057
vn -0.000000 -0.587785 0.809017
vn -0.000000 -0.587785 0.809017
vn 0.000000 -0.809018 0.587785
vn 0.000000 -0.809018 0.587785
vn 0.000000 -0.951057 0.309016
vn 0.000000 -0.951057 0.309016
vn -0.000000 -1.000000 -0.000001
vn -0.000000 -1.000000 -0.000001
vn -0.000000 -0.951057 -0.309016
vn -0.000000 -0.951057 -0.309016
vn -0.000000 -0.809018 -0.587785
vn -0.000000 -0.809018 -0.587785
vn 0.000000 -0.587785 -0.809017
vn 0.000000 -0.587785 -0.809017
vn 0.000000 -0.309018 -0.951056
vn 0.000000 -0.309018 -0.951056
vn 0.000000 -0.000000 -1.000000
vn 0.000000 -0.000000 -1.000000
vn 0.000000 0.309018 -0.951056
vn 0.000000 0.309018 -0.951056
vn 0.000000 0.587785 -0.809017
vn 0.000000 0.587785 -0.809017
vn 0.000000 0.809016 -0.587787
vn 0.000000 0.809016 -0.587787
vn -0.000000 0.951057 -0.309016
vn -0.000000 0.951057 -0.309016
vn -0.000000 1.000000 0.000002
vn -0.000000 1.000000 0.000002
vn -0.000000 0.951056 0.309017
vn -0.000000 0.951056 0.309017
vn 0.000000 0.809017 0.587785
vn 0.000000 0.809017 0.587785
vn 0.000000 0.587786 0.809017
vn 0.000000 0.587786 0.809017
vn -0.000000 0.309018 0.951056
vn -0.000000 0.309018 0.951056
vn -0.000000 -0.309017 0.951057
vn 0.000000 0.000000 1.000000
vn 0.000000 0.000000 1.000000
vn -0.000000 -0.309017 0.951057
vn -0.000000 -0.587785 0.809017
vn -0.000000 -0.587785 0.809017
vn -0.000000 -0.809017 0.587785
vn -0.000000 -0.809017 0.587785
vn -0.000000 -0.951057 0.309016
vn -0.000000 -0.951057 0.309016
vn -0.000000 -1.000000 0.000000
vn -0.000000 -1.000000 0.000000
vn -0.000000 -0.951057 -0.309016
vn -0.000000 -0.951057 -0.309016
vn -0.000000 -0.809017 -0.587785
vn -0.000000 -0.809017 -0.587785
vn -0.000000 -0.587785 -0.809017
vn -0.000000 -0.587785 -0.809017
vn -0.000000 -0.309017 -0.951056
vn -0.000000 -0.309017 -0.951056
vn 0.000000 -0.000000 -1.000000
vn 0.000000 -0.000000 -1.000000
vn 0.000000 0.309017 -0.951056
vn 0.000000 0.309017 -0.951056
vn 0.000000 0.587786 -0.809017
vn 0.000000 0.587786 -0.809017
vn 0.000001 0.809017 -0.587786
vn 0.000001 0.809017 -0.587786
vn 0.000001 0.951057 -0.309017
vn 0.000001 0.951057 -0.309017
vn 0.000000 1.000000 0.000001
vn 0.000000 1.000000 0.000001
vn 0.000000 0.951057 0.309017
vn 0.000000 0.951057 0.309017
vn 0.000000 0.809017 0.587785
vn 0.000000 0.809017 0.587785
vn 0.000000 0.587785 0.809017
vn 0.000000 0.587785 0.809017
vn 0.000000 0.309017 0.951057
vn 0.000000 0.309017 0.951057
vn 0.000000 -0.587785 0.809017
vn 0.000000 -0.309017 0.951057
vn 0.000000 -0.309017 0.951057
vn 0.000000 -0.587785 0.809017
vn 0.000000 -0.809017 0.587785
vn 0.000000 -0.809017 0.587785
vn 0.000000 -0.951057 0.309015
vn 0.000000 -0.951057 0.309015
vn 0.000000 -1.000000 -0.000000
vn 0.000000 -1.000000 -0.000000
vn 0.000000 -0.951057 -0.309015
vn 0.000000 -0.951057 -0.309015
vn 0.000000 -0.809017 -0.587786
vn 0.000000 -0.809017 -0.587786
vn 0.000000 -0.587785 -0.809017
vn 0.000000 -0.587785 -0.809017
vn 0.000000 -0.309018 -0.951056
vn 0.000000 -0.309018 -0.951056
vn -0.000000 0.000000 -1.000000
vn -0.000000 0.000000 -1.000000
vn -0.000000 0.309018 -0.951056
vn -0.000000 0.309018 -0.951056
vn -0.000000 0.587785 -0.809017
vn -0.000000 0.587785 -0.809017
vn -0.000000 0.809016 -0.587786
vn -0.000000 0.809016 -0.587786
vn 0.000000 0.951057 -0.309017
vn 0.000000 0.951057 -0.309017
vn 0.000000 1.000000 0.000002
vn 0.000000 1.000000 0.000002
vn 0.000000 0.951057 0.309016
vn 0.000000 0.951057 0.309016
vn -0.000000 0.809018 0.587784
vn -0.000000 0.809018 0.587784
vn -0.000000 0.587785 0.809017
vn -0.000000 0.587785 0.809017
vn -0.000000 0.309017 0.951057
vn -0.000000 0.309017 0.951057
vn -0.000000 0.000000 1.000000
vn -0.000000 0.000000 1.000000
vn 0.000000 -0.587785 0.809017
vn -0.000000 -0.309017 0.951057
vn -0.000000 -0.309017 0.951057
vn 0.000000 -0.587785 0.809017
vn 0.000000 -0.809017 0.587785
vn 0.000000 -0.809017 0.587785
vn -0.000000 -0.951056 0.309017
vn -0.000000 -0.951056 0.309017
vn -0.000000 -1.000000 -0.000000
vn -0.000000 -1.000000 -0.000000
vn -0.000000 -0.951056 -0.309017
vn -0.000000 -0.951056 -0.309017
vn 0.000000 -0.809017 -0.587785
vn 0.000000 -0.809017 -0.587785
vn 0.000000 -0.587785 -0.809017
vn 0.000000 -0.587785 -0.809017
vn 0.000000 -0.309017 -0.951057
vn 0.000000 -0.309017 -0.951057
vn 0.000000 -0.000000 -1.000000
vn 0.000000 -0.000000 -1.000000
vn 0.000000 0.309017 -0.951057
vn 0.000000 0.309017 -0.951057
vn 0.000000 0.587785 -0.809017
vn 0.000000 0.587785 -0.809017
vn 0.000000 0.809017 -0.587786
vn 0.000000 0.809017 -0.587786
vn 0.000000 0.951057 -0.309016
vn 0.000000 0.951057 -0.309016
vn 0.000000 1.000000 0.000000
vn 0.000000 1.000000 0.000000
vn 0.000000 0.951057 0.309016
vn 0.000000 0.951057 0.309016
vn 0.000000 0.809017 0.587786
vn 0.000000 0.809017 0.587786
vn 0.000000 0.587785 0.809017
vn 0.000000 0.587785 0.809017
vn 0.000000 0.309017 0.951056
vn 0.000000 0.309017 0.951056
vn 0.000000 0.000000 1.000000
vn 0.000000 0.000000 1.000000
vn -1.000000 0.000000 0.000000
vn -1.000000 0.000000 0.000001
vn -1.000000 0.000000 0.000001
vn -1.000000 0.000000 0.000000
vn 1.000000 -0.000000 -0.000000
vn 1.000000 -0.000000 -0.000000
vn 1.000000 -0.000000 -0.000000
vn 1.000000 -0.000000 -0.000000
vn -1.000000 0.000000 -0.000001
vn -1.000000 0.000000 -0.000001
vn 1.000000 -0.000000 0.000001
vn 1.000000 -0.000000 0.000001
vn -1.000000 0.000000 -0.000000
vn -1.000000 0.000000 -0.000000
vn 1.000000 -0.000000 0.000001
vn 1.000000 -0.000000 0.000001
vn -1.000000 0.000000 0.000001
vn -1.000000 0.000000 0.000001
vn 1.000000 -0.000000 -0.000001
vn 1.000000 -0.000000 -0.000001
vn -1.000000 0.000000 -0.000001
vn -1.000000 0.000000 -0.000001
vn 1.000000 -0.000000 0.000000
vn 1.000000 -0.000000 0.000000
vn -1.000000 0.000000 -0.000001
vn -1.000000 0.000000 -0.000001
vn 1.000000 -0.000000 0.000000
vn 1.000000 -0.000000 0.000000
vn -1.000000 0.000000 -0.000000
vn -1.000000 0.000000 -0.000000
vn 1.000000 -0.000000 -0.000001
vn 1.000000 -0.000000 -0.000001
vn -1.000000 0.000000 -0.000000
vn -1.000000 0.000000 -0.000000
vn 1.000000 -0.000000 -0.000001
vn 1.000000 -0.000000 -0.000001
vn -1.000000 0.000000 -0.000000
vn -1.000000 0.000000 -0.000000
vn 1.000000 -0.000000 0.000000
vn 1.000000 -0.000000 0.000000
vn -1.000000 0.000000 -0.000000
vn -1.000000 0.000000 -0.000000
vn 1.000000 -0.000000 0.000000
vn 1.000000 -0.000000 0.000000
vn -1.000000 0.000000 0.000001
vn -1.000000 0.000000 0.000001
vn 1.000000 -0.000000 -0.000000
vn 1.000000 -0.000000 -0.000000
vn -1.000000 0.000000 0.000000
vn -1.000000 0.000000 0.000000
vn 1.000000 -0.000000 0.000000
vn 1.000000 -0.000000 0.000000
vn -1.000000 0.000000 0.000000
vn -1.000000 0.000000 0.000000
vn 1.000000 -0.000000 0.000000
vn 1.000000 -0.000000 0.000000
vn -1.000000 0.000000 -0.000001
vn -1.000000 0.000000 -0.000001
vn 1.000000 -0.000000 0.000001
vn 1.000000 -0.000000 0.000001
vn -1.000000 0.000000 -0.000000
vn -1.000000 0.000000 -0.000000
vn 1.000000 -0.000000 0.000000
vn 1.000000 -0.000000 0.000000
vn -1.000000 0.000000 0.000001
vn -1.000000 0.000000 0.000001
vn 1.000000 -0.000000 -0.000001
vn 1.000000 -0.000000 -0.000001
vn -1.000000 0.000000 -0.000000
vn -1.000000 0.000000 -0.000000
vn 1.000000 -0.000000 0.000000
vn 1.000000 -0.000000 0.000000
vn -1.000000 0.000000 -0.000000
vn -1.000000 0.000000 -0.000000
vn 1.000000 -0.000000 0.000000
vn 1.000000 -0.000000 0.000000
vn -1.000000 0.000000 -0.000000
vn -1.000000 0.000000 -0.000000
vn 1.000000 -0.000000 0.000000
vn 1.000000 -0.000000 0.000000
vn -1.000000 0.000000 -0.000000
vn -1.000000 0.000000 -0.000000
vn -1.000000 0.000000 -0.000000
vn -1.000000 0.000000 -0.000000
vn 1.000000 -0.000000 0.000000
vn 1.000000 -0.000000 0.000000
vn 1.000000 -0.000000 0.000000
vn 1.000000 -0.000000 0.000000
vn -1.000000 0.000000 -0.000000
vn -1.000000 0.000000 -0.000000
vn 1.000000 -0.000000 0.000000
vn 1.000000 -0.000000 0.000000
vn -1.000000 0.000000 0.000000
vn -1.000000 0.000000 0.000000
vn 1.000000 -0.000000 0.000000
vn 1.000000 -0.000000 0.000000
vn -1.000000 0.000000 -0.000000
vn -1.000000 0.000000 -0.000000
vn 1.000000 -0.000000 -0.000000
vn 1.000000 -0.000000 -0.000000
vn -1.000000 0.000000 -0.000000
vn -1.000000 0.000000 -0.000000
vn 1.000000 -0.000000 0.000000
vn 1.000000 -0.000000 0.000000
vn -1.000000 0.000000 0.000000
vn -1.000000 0.000000 0.000000
vn 1.000000 -0.000000 -0.000000
vn 1.000000 -0.000000 -0.000000
vn -1.000000 0.000000 0.000000
vn -1.000000 0.000000 0.000000
vn 1.000000 -0.000000 -0.000000
vn 1.000000 -0.000000 -0.000000
vn -1.000000 0.000000 0.000000
vn -1.000000 0.000000 0.000000
vn 1.000000 -0.000000 0.000000
vn 1.000000 -0.000000 0.000000
vn -1.000000 0.000000 -0.000000
vn -1.000000 0.000000 -0.000000
vn 1.000000 -0.000000 0.000000
vn 1.000000 -0.000000 0.000000
vn -1.000000 0.000000 -0.000000
vn -1.000000 0.000000 -0.000000
vn 1.000000 -0.000000 -0.000000
vn 1.000000 -0.000000 -0.000000
vn -1.000000 0.000000 0.000000
vn -1.000000 0.000000 0.000000
vn 1.000000 -0.000000 -0.000000
vn 1.000000 -0.000000 -0.000000
vn -1.000000 0.000000 0.000000
vn -1.000000 0.000000 0.000000
vn 1.000000 -0.000000 0.000000
vn 1.000000 -0.000000 0.000000
vn -1.000000 0.000000 -0.000001
vn -1.000000 0.000000 -0.000001
vn 1.000000 -0.000000 -0.000000
vn 1.000000 -0.000000 -0.000000
vn -1.000000 0.000000 -0.000000
vn -1.000000 0.000000 -0.000000
vn 1.000000 -0.000000 -0.000000
vn 1.000000 -0.000000 -0.000000
vn -1.000000 -0.000005 0.000003
vn -1.000000 -0.000005 0.000003
vn 1.000000 -0.000000 0.000000
vn 1.000000 -0.000000 0.000000
vn -1.000000 -0.000008 -0.000002
vn -1.000000 -0.000008 -0.000002
vn 1.000000 -0.000000 0.000000
vn 1.000000 -0.000000 0.000000
vn -1.000000 -0.000002 -0.000005
vn -1.000000 -0.000002 -0.000005
vn 1.000000 -0.000000 0.000000
vn 1.000000 -0.000000 0.000000
vn -1.000000 0.000000 0.000000
vn -1.000000 0.000000 0.000000
vn 1.000000 -0.000000 0.000000
vn 1.000000 -0.000000 0.000000
vn -1.000000 0.000000 0.000000
vn -1.000000 0.000000 0.000000
vn 1.000000 -0.000000 -0.000000
vn 1.000000 -0.000000 -0.000000
vn -1.000000 0.000006 -0.000017
vn -1.000000 -0.000000 -0.000018
vn -1.000000 -0.000000 -0.000018
vn -1.000000 0.000006 -0.000017
vn 1.000000 0.000000 0.000018
vn 1.000000 -0.000006 0.000017
vn 1.000000 -0.000006 0.000017
vn 1.000000 0.000000 0.000018
vn -1.000000 0.000010 -0.000009
vn -1.000000 0.000010 -0.000009
vn 1.000000 -0.000011 0.000015
vn 1.000000 -0.000011 0.000015
vn -1.000000 0.000008 -0.000006
vn -1.000000 0.000008 -0.000006
vn 1.000000 -0.000015 0.000011
vn 1.000000 -0.000015 0.000011
vn -1.000000 0.000012 -0.000007
vn -1.000000 0.000012 -0.000007
vn 1.000000 -0.000017 0.000006
vn 1.000000 -0.000017 0.000006
vn -1.000000 0.000013 0.000003
vn -1.000000 0.000013 0.000003
vn 1.000000 -0.000018 0.000000
vn 1.000000 -0.000018 0.000000
vn -1.000000 0.000004 0.000004
vn -1.000000 0.000004 0.000004
vn 1.000000 -0.000017 -0.000006
vn 1.000000 -0.000017 -0.000006
vn -1.000000 0.000006 0.000001
vn -1.000000 0.000006 0.000001
vn 1.000000 -0.000015 -0.000011
vn 1.000000 -0.000015 -0.000011
vn -1.000000 0.000010 0.000009
vn -1.000000 0.000010 0.000009
vn 1.000000 -0.000011 -0.000015
vn 1.000000 -0.000011 -0.000015
vn -1.000000 0.000006 0.000017
vn -1.000000 0.000006 0.000017
vn 1.000000 -0.000006 -0.000017
vn 1.000000 -0.000006 -0.000017
vn -1.000000 0.000000 0.000018
vn -1.000000 0.000000 0.000018
vn 1.000000 -0.000000 -0.000018
vn 1.000000 -0.000000 -0.000018
vn -1.000000 -0.000007 0.000012
vn -1.000000 -0.000007 0.000012
vn 1.000000 0.000006 -0.000017
vn 1.000000 0.000006 -0.000017
vn -1.000000 -0.000005 0.000002
vn -1.000000 -0.000005 0.000002
vn 1.000000 0.000011 -0.000015
vn 1.000000 0.000011 -0.000015
vn -1.000000 0.000000 0.000000
vn -1.000000 0.000000 0.000000
vn 1.000000 0.000015 -0.000011
vn 1.000000 0.000015 -0.000011
vn -1.000000 -0.000004 0.000004
vn -1.000000 -0.000004 0.000004
vn 1.000000 0.000017 -0.000006
vn 1.000000 0.000017 -0.000006
vn -1.000000 -0.000013 0.000003
vn -1.000000 -0.000013 0.000003
vn 1.000000 0.000018 -0.000000
vn 1.000000 0.000018 -0.000000
vn -1.000000 -0.000012 -0.000007
vn -1.000000 -0.000012 -0.000007
vn 1.000000 0.000017 0.000006
vn 1.000000 0.000017 0.000006
vn -1.000000 -0.000002 -0.000005
vn -1.000000 -0.000002 -0.000005
vn 1.000000 0.000015 0.000011
vn 1.000000 0.000015 0.000011
vn -1.000000 -0.000005 -0.000002
vn -1.000000 -0.000005 -0.000002
vn 1.000000 0.000011 0.000015
vn 1.000000 0.000011 0.000015
vn -1.000000 -0.000007 -0.000012
vn -1.000000 -0.000007 -0.000012
vn 1.000000 0.000006 0.000017
vn 1.000000 0.000006 0.000017
vn -1.000000 0.000000 -0.000000
vn -1.000000 0.000000 -0.000000
vn -1.000000 0.000000 0.000000
vn -1.000000 0.000000 0.000000
vn 1.000000 -0.000000 -0.000001
vn 1.000000 -0.000000 -0.000000
vn 1.000000 -0.000000 -0.000000
vn 1.000000 -0.000000 -0.000001
vn -1.000000 0.000000 0.000000
vn -1.000000 0.000000 0.000000
vn 1.000000 -0.000000 -0.000001
vn 1.000000 -0.000000 -0.000001
vn -1.000000 0.000000 0.000000
vn -1.000000 0.000000 0.000000
vn 1.000000 -0.000000 -0.000000
vn 1.000000 -0.000000 -0.000000
vn -1.000000 0.000000 0.000000
vn -1.000000 0.000000 0.000000
vn 1.000000 -0.000000 0.000000
vn 1.000000 -0.000000 0.000000
vn -1.000000 0.000000 0.000000
vn -1.000000 0.000000 0.000000
vn 1.000000 -0.000000 0.000001
vn 1.000000 -0.000000 0.000001
vn -1.000000 0.000000 -0.000000
vn -1.000000 0.000000 0.000000
vn 1.000000 -0.000000 0.000001
vn 1.000000 -0.000000 0.000001
vn -1.000000 0.000000 0.000000
vn -1.000000 0.000000 0.000000
vn 1.000000 -0.000000 0.000001
vn 1.000000 -0.000000 0.000001
vn -1.000000 0.000000 0.000000
vn -1.000000 0.000000 0.000000
vn 1.000000 -0.000000 0.000002
vn 1.000000 -0.000000 0.000002
vn -1.000000 0.000000 0.000000
vn -1.000000 0.000000 0.000000
vn 1.000000 -0.000000 -0.000000
vn 1.000000 -0.000000 -0.000000
vn -1.000000 0.000000 0.000000
vn -1.000000 0.000000 0.000000
vn 1.000000 -0.000000 -0.000001
vn 1.000000 -0.000000 -0.000001
vn -1.000000 0.000000 -0.000000
vn -1.000000 0.000000 0.000000
vn 1.000000 -0.000000 -0.000000
vn 1.000000 -0.000000 -0.000000
vn -1.000000 -0.000002 -0.000001
vn -1.000000 0.000000 -0.000000
vn 1.000000 -0.000000 -0.000000
vn 1.000000 -0.000000 -0.000000
vn -1.000000 -0.000005 -0.000000
vn -1.000000 0.000000 -0.000000
vn 1.000000 -0.000000 -0.000001
vn 1.000000 -0.000000 -0.000001
vn -1.000000 -0.000004 0.000001
vn -1.000000 0.000000 0.000000
vn 1.000000 -0.000000 -0.000001
vn 1.000000 -0.000000 -0.000001
vn -1.000000 -0.000002 0.000001
vn -1.000000 0.000000 0.000000
vn 1.000000 -0.000000 0.000001
vn 1.000000 -0.000000 0.000001
vn -1.000000 0.000000 0.000000
vn -1.000000 0.000000 0.000000
vn 1.000000 -0.000000 0.000001
vn 1.000000 -0.000000 0.000001
vn -1.000000 0.000000 0.000000
vn -1.000000 0.000000 -0.000000
vn 1.000000 -0.000000 0.000001
vn 1.000000 -0.000000 0.000001
vn -1.000000 0.000000 -0.000000
vn -1.000000 0.000000 0.000000
vn 1.000000 -0.000000 0.000001
vn 1.000000 -0.000000 0.000001
vn -1.000000 0.000000 0.000000
vn -1.000000 0.000000 0.000000
vn 1.000000 -0.000000 0.000000
vn 1.000000 -0.000000 0.000000
vn 0.000000 0.000000 1.000000
vn -0.000000 0.309017 0.951057
vn -0.000000 0.309017 0.951057
vn 0.000000 0.000000 1.000000
vn -0.000000 -0.309017 0.951056
vn -0.000000 -0.309017 0.951056
vn -0.000000 -0.587785 0.809017
vn -0.000000 -0.587785 0.809017
vn -0.000000 -0.809017 0.587785
vn -0.000000 -0.809017 0.587785
vn -0.000000 -0.951057 0.309017
vn -0.000000 -0.951057 0.309017
vn -0.000000 -1.000000 -0.000000
vn -0.000000 -1.000000 -0.000000
vn -0.000000 -0.951057 -0.309017
vn -0.000000 -0.951057 -0.309017
vn 0.000000 -0.809017 -0.587785
vn 0.000000 -0.809017 -0.587785
vn -0.000000 -0.587785 -0.809017
vn -0.000000 -0.587785 -0.809017
vn -0.000000 -0.309017 -0.951056
vn -0.000000 -0.309017 -0.951056
vn 0.000000 -0.000000 -1.000000
vn 0.000000 -0.000000 -1.000000
vn -0.000000 0.309017 -0.951057
vn -0.000000 0.309017 -0.951057
vn -0.000000 0.587785 -0.809017
vn -0.000000 0.587785 -0.809017
vn -0.000000 0.809017 -0.587785
vn -0.000000 0.809017 -0.587785
vn -0.000000 0.951057 -0.309017
vn -0.000000 0.951057 -0.309017
vn 0.000000 1.000000 0.000000
vn 0.000000 1.000000 0.000000
vn 0.000000 0.951057 0.309017
vn 0.000000 0.951057 0.309017
vn 0.000000 0.809017 0.587785
vn 0.000000 0.809017 0.587785
vn -0.000000 0.587785 0.809017
vn -0.000000 0.587785 0.809017
vn 1.000000 -0.000000 0.000000
vn 1.000000 -0.000000 0.000000
vn 1.000000 -0.000000 0.000000
vn 1.000000 -0.000000 0.000000
vn -1.000000 0.000000 -0.000000
vn -1.000000 0.000000 -0.000000
vn 1.000000 -0.000000 0.000000
vn 1.000000 -0.000000 0.000000
vn -1.000000 0.000000 -0.000000
vn 1.000000 -0.000000 0.000000
vn 1.000000 -0.000000 0.000000
vn -1.000000 0.000000 -0.000000
vn 1.000000 -0.000000 -0.000000
vn 1.000000 -0.000000 -0.000000
vn -1.000000 0.000000 0.000000
vn 1.000000 -0.000000 -0.000000
vn 1.000000 -0.000000 -0.000000
vn -1.000000 0.000000 -0.000000
vn 1.000000 -0.000000 0.000000
vn 1.000000 -0.000000 0.000000
vn -1.000000 0.000000 0.000000
vn 1.000000 -0.000000 0.000000
vn 1.000000 -0.000000 0.000000
vn -1.000000 0.000000 0.000000
vn 1.000000 -0.000000 -0.000004
vn 1.000000 -0.000000 -0.000004
vn -1.000000 0.000000 -0.000000
vn 1.000000 -0.000004 -0.000005
vn 1.000000 -0.000004 -0.000005
vn -1.000000 0.000000 0.000000
vn 1.000000 -0.000004 -0.000001
vn 1.000000 -0.000004 -0.000001
vn -1.000000 0.000000 0.000000
vn 1.000000 -0.000000 -0.000000
vn 1.000000 -0.000000 -0.000000
vn -1.000000 0.000000 0.000000
vn 1.000000 -0.000000 0.000000
vn 1.000000 -0.000000 0.000000
vn -1.000000 0.000000 0.000000
vn 1.000000 -0.000000 -0.000000
vn 1.000000 -0.000000 -0.000000
vn -1.000000 0.000000 -0.000000
vn 1.000000 -0.000000 -0.000000
vn 1.000000 -0.000000 -0.000000
vn -1.000000 -0.000004 -0.000001
vn 1.000000 -0.000000 0.000000
vn 1.000000 -0.000000 0.000000
vn -1.000000 -0.000009 -0.000000
vn 1.000000 -0.000000 0.000000
vn 1.000000 -0.000000 0.000000
vn -1.000000 -0.000009 0.000003
vn 1.000000 -0.000000 0.000000
vn 1.000000 -0.000000 0.000000
vn -1.000000 -0.000003 0.000002
vn 1.000000 -0.000000 -0.000000
vn 1.000000 -0.000000 -0.000000
vn -1.000000 0.000000 0.000000
vn 1.000000 -0.000000 0.000000
vn 1.000000 -0.000000 0.000000
vn -1.000000 0.000000 0.000000
s 1
g mg pCylinder9
usemtl blinn7SG
f 137/209/391 138/210/392 190/211/393 191/212/394
f 138/210/392 139/213/395 189/214/396 190/211/393
f 139/213/395 140/215/397 188/216/398 189/214/396
f 140/215/397 141/623/399 187/653/400 188/216/398
f 141/217/399 142/219/401 186/220/402 187/218/400
f 142/219/401 143/221/403 185/222/404 186/220/402
f 143/221/403 144/223/405 184/224/406 185/222/404
f 144/223/405 145/225/407 183/226/408 184/224/406
f 145/225/407 146/227/409 182/228/410 183/226/408
f 146/227/409 147/229/411 181/230/412 182/228/410
f 147/229/411 148/231/413 180/232/414 181/230/412
f 148/231/413 149/233/415 179/234/416 180/232/414
f 149/233/415 150/235/417 178/236/418 179/234/416
f 150/235/417 151/237/419 177/238/420 178/236/418
f 151/237/419 152/239/421 196/240/422 177/238/420
f 152/239/421 153/241/423 195/242/424 196/240/422
f 153/241/423 154/243/425 194/244/426 195/242/424
f 154/243/425 155/245/427 193/246/428 194/244/426
f 155/245/427 156/247/429 192/248/430 193/246/428
f 156/247/429 137/209/391 191/212/394 192/248/430
s off
f 155/245/431 154/243/432 153/241/433 152/239/434 151/237/435 150/235/436 149/233/437 148/231/438 147/229/439 146/227/440 145/225/441 144/223/442 143/221/443 142/219/444 141/623/445 140/215/446 139/213/447 138/210/448 137/209/449 156/247/450
f 176/638/451 157/639/452 158/640/453 159/641/454 160/642/455 161/652/456 162/624/457 163/625/458 164/626/459 165/627/460 166/628/461 167/629/462 168/630/463 169/631/464 170/632/465 171/633/466 172/634/467 173/635/468 174/636/469 175/637/470
s 4
f 338/268/471 337/269/472 339/270/473 340/271/474
f 341/272/475 338/268/471 340/271/474 342/273/476
f 343/274/477 341/272/475 342/273/476 344/275/478
f 345/276/479 343/274/477 344/275/478 346/277/480
f 347/278/481 345/276/479 346/277/480 348/279/482
f 349/280/483 347/278/481 348/279/482 350/281/484
f 351/282/485 349/280/483 350/281/484 352/283/486
f 353/284/487 351/282/485 352/283/486 354/285/488
f 355/286/489 353/284/487 354/285/488 356/287/490
f 357/288/491 355/286/489 356/287/490 358/289/492
f 359/290/493 357/654/491 358/643/492 360/291/494
f 361/292/495 359/290/493 360/291/494 362/293/496
f 363/294/497 361/292/495 362/293/496 364/295/498
f 365/296/499 363/294/497 364/295/498 366/297/500
f 367/298/501 365/296/499 366/297/500 368/299/502
f 369/300/503 367/298/501 368/299/502 370/301/504
f 371/302/505 369/300/503 370/301/504 372/303/506
f 373/304/507 371/302/505 372/303/506 374/305/508
f 375/306/509 373/304/507 374/305/508 376/307/510
f 337/269/472 375/306/509 376/307/510 339/270/473
s 5
f 198/308/511 197/309/512 217/310/513 218/311/514
f 199/312/515 198/308/511 218/311/514 219/313/516
f 200/314/517 199/312/515 219/313/516 220/315/518
f 201/316/519 200/314/517 220/315/518 221/317/520
f 202/318/521 201/316/519 221/317/520 222/319/522
f 203/320/523 202/318/521 222/319/522 223/321/524
f 204/322/525 203/320/523 223/321/524 224/323/526
f 205/324/527 204/322/525 224/323/526 225/325/528
f 206/326/529 205/324/527 225/325/528 226/327/530
f 207/328/531 206/326/529 226/327/530 227/329/532
f 208/655/533 207/644/531 227/656/532 228/330/534
f 209/331/535 208/655/533 228/330/534 229/332/536
f 210/333/537 209/331/535 229/332/536 230/334/538
f 211/335/539 210/333/537 230/334/538 231/336/540
f 212/337/541 211/335/539 231/336/540 232/338/542
f 213/339/543 212/337/541 232/338/542 233/340/544
f 214/341/545 213/339/543 233/340/544 234/342/546
f 215/343/547 214/341/545 234/342/546 235/344/548
f 216/345/549 215/343/547 235/344/548 236/346/550
f 197/309/512 216/345/549 236/346/550 217/310/513
s 6
f 378/347/551 377/348/552 379/349/553 380/350/554
f 381/351/555 378/347/551 380/350/554 382/352/556
f 383/353/557 381/351/555 382/352/556 384/354/558
f 385/355/559 383/353/557 384/354/558 386/356/560
f 387/357/561 385/355/559 386/356/560 388/358/562
f 389/359/563 387/357/561 388/358/562 390/360/564
f 391/361/565 389/359/563 390/360/564 392/362/566
f 393/363/567 391/361/565 392/362/566 394/364/568
f 395/365/569 393/363/567 394/364/568 396/366/570
f 397/367/571 395/365/569 396/366/570 398/368/572
f 399/369/573 397/657/571 398/645/572 400/370/574
f 401/371/575 399/369/573 400/370/574 402/372/576
f 403/373/577 401/371/575 402/372/576 404/374/578
f 405/375/579 403/373/577 404/374/578 406/376/580
f 407/377/581 405/375/579 406/376/580 408/378/582
f 409/379/583 407/377/581 408/378/582 410/380/584
f 411/381/585 409/379/583 410/380/584 412/382/586
f 413/383/587 411/381/585 412/382/586 414/384/588
f 415/385/589 413/383/587 414/384/588 416/386/590
f 377/348/552 415/385/589 416/386/590 379/349/553
s 7
f 238/387/591 237/388/592 257/389/593 258/390/594
f 239/391/595 238/387/591 258/390/594 259/392/596
f 240/393/597 239/391/595 259/392/596 260/394/598
f 241/395/599 240/393/597 260/394/598 261/396/600
f 242/397/601 241/395/599 261/396/600 262/398/602
f 243/399/603 242/397/601 262/398/602 263/400/604
f 244/401/605 243/399/603 263/400/604 264/402/606
f 245/403/607 244/401/605 264/402/606 265/404/608
f 246/405/609 245/403/607 265/404/608 266/406/610
f 247/407/611 246/405/609 266/406/610 267/408/612
f 248/658/613 247/646/611 267/659/612 268/409/614
f 249/410/615 248/658/613 268/409/614 269/411/616
f 250/412/617 249/410/615 269/411/616 270/413/618
f 251/414/619 250/412/617 270/413/618 271/415/620
f 252/416/621 251/414/619 271/415/620 272/417/622
f 253/418/623 252/416/621 272/417/622 273/419/624
f 254/420/625 253/418/623 273/419/624 274/421/626
f 255/422/627 254/420/625 274/421/626 275/423/628
f 256/424/629 255/422/627 275/423/628 276/425/630
f 237/388/592 256/424/629 276/425/630 257/389/593
s 8
f 418/426/631 417/427/632 419/428/633 420/429/634
f 421/430/635 418/426/631 420/429/634 422/431/636
f 423/432/637 421/430/635 422/431/636 424/433/638
f 425/434/639 423/432/637 424/433/638 426/435/640
f 427/436/641 425/434/639 426/435/640 428/437/642
f 429/438/643 427/436/641 428/437/642 430/439/644
f 431/440/645 429/438/643 430/439/644 432/441/646
f 433/442/647 431/440/645 432/441/646 434/443/648
f 435/444/649 433/442/647 434/443/648 436/445/650
f 437/446/651 435/444/649 436/445/650 438/447/652
f 439/448/653 437/660/651 438/647/652 440/449/654
f 441/450/655 439/448/653 440/449/654 442/451/656
f 443/452/657 441/450/655 442/451/656 444/453/658
f 445/454/659 443/452/657 444/453/658 446/455/660
f 447/456/661 445/454/659 446/455/660 448/457/662
f 449/458/663 447/456/661 448/457/662 450/459/664
f 451/460/665 449/458/663 450/459/664 452/461/666
f 453/462/667 451/460/665 452/461/666 454/463/668
f 455/464/669 453/462/667 454/463/668 456/465/670
f 417/427/632 455/464/669 456/465/670 419/428/633
s 9
f 278/466/671 277/467/672 498/468/673 499/469/674
f 279/470/675 278/466/671 499/469/674 500/471/676
f 280/472/677 279/470/675 500/471/676 501/473/678
f 281/474/679 280/472/677 501/473/678 502/475/680
f 282/476/681 281/474/679 502/475/680 503/477/682
f 283/478/683 282/476/681 503/477/682 504/479/684
f 284/480/685 283/478/683 504/479/684 505/481/686
f 285/482/687 284/480/685 505/481/686 506/483/688
f 286/484/689 285/482/687 506/483/688 507/485/690
f 287/648/691 286/649/689 507/666/690 508/487/692
f 288/661/693 287/648/691 508/487/692 509/488/694
f 289/489/695 288/661/693 509/488/694 510/490/696
f 290/491/697 289/489/695 510/490/696 511/492/698
f 291/493/699 290/491/697 511/492/698 512/494/700
f 292/495/701 291/493/699 512/494/700 513/496/702
f 293/497/703 292/495/701 513/496/702 514/498/704
f 294/499/705 293/497/703 514/498/704 515/500/706
f 295/501/707 294/499/705 515/500/706 516/502/708
f 296/503/709 295/501/707 516/502/708 497/504/710
f 277/467/672 296/503/709 497/504/710 498/468/673
s 10
f 458/505/711 457/506/712 459/507/713 460/508/714
f 461/509/715 458/505/711 460/508/714 462/510/716
f 463/511/717 461/509/715 462/510/716 464/512/718
f 465/513/719 463/511/717 464/512/718 466/514/720
f 467/515/721 465/513/719 466/514/720 468/516/722
f 469/517/723 467/515/721 468/516/722 470/518/724
f 471/519/725 469/517/723 470/518/724 472/520/726
f 473/521/727 471/519/725 472/520/726 474/522/728
f 475/523/729 473/663/727 474/650/728 476/524/730
f 477/525/731 475/523/729 476/524/730 478/526/732
f 479/527/733 477/525/731 478/526/732 480/528/734
f 481/529/735 479/527/733 480/528/734 482/530/736
f 483/531/737 481/529/735 482/530/736 484/532/738
f 485/533/739 483/531/737 484/532/738 486/534/740
f 487/535/741 485/533/739 486/534/740 488/536/742
f 489/537/743 487/535/741 488/536/742 490/538/744
f 491/539/745 489/537/743 490/538/744 492/540/746
f 493/541/747 491/539/745 492/540/746 494/542/748
f 495/543/749 493/541/747 494/542/748 496/544/750
f 457/506/712 495/543/749 496/544/750 459/507/713
s 11
f 318/545/751 317/546/752 170/262/753 169/261/754
f 319/547/755 318/545/751 169/261/754 168/260/756
f 320/548/757 319/547/755 168/260/756 167/259/758
f 321/549/759 320/548/757 167/259/758 166/258/760
f 322/550/761 321/549/759 166/258/760 165/257/762
f 323/551/763 322/550/761 165/257/762 164/256/764
f 324/552/765 323/551/763 164/256/764 163/255/766
f 325/553/767 324/552/765 163/255/766 162/254/768
f 326/664/769 325/651/767 162/624/768 161/652/770
f 327/554/771 326/664/769 161/652/770 160/253/772
f 328/555/773 327/554/771 160/253/772 159/252/774
f 329/556/775 328/555/773 159/252/774 158/251/776
f 330/557/777 329/556/775 158/251/776 157/250/778
f 331/558/779 330/557/777 157/250/778 176/249/780
f 332/559/781 331/558/779 176/249/780 175/267/782
f 333/560/783 332/559/781 175/267/782 174/266/784
f 334/561/785 333/560/783 174/266/784 173/265/786
f 335/562/787 334/561/785 173/265/786 172/264/788
f 336/563/789 335/562/787 172/264/788 171/263/790
f 317/546/752 336/563/789 171/263/790 170/262/753
s 12
f 178/236/791 177/238/792 337/269/793 338/268/794
s 13
f 197/309/795 198/308/796 340/271/797 339/270/798
s 12
f 179/234/799 178/236/791 338/268/794 341/272/800
s 13
f 198/308/796 199/312/801 342/273/802 340/271/797
s 12
f 180/232/803 179/234/799 341/272/800 343/274/804
s 13
f 199/312/801 200/314/805 344/275/806 342/273/802
s 12
f 181/230/807 180/232/803 343/274/804 345/276/808
s 13
f 200/314/805 201/316/809 346/277/810 344/275/806
s 12
f 182/228/811 181/230/807 345/276/808 347/278/812
s 13
f 201/316/809 202/318/813 348/279/814 346/277/810
s 12
f 183/226/815 182/228/811 347/278/812 349/280/816
s 13
f 202/318/813 203/320/817 350/281/818 348/279/814
s 12
f 184/224/819 183/226/815 349/280/816 351/282/820
s 13
f 203/320/817 204/322/821 352/283/822 350/281/818
s 12
f 185/222/823 184/224/819 351/282/820 353/284/824
s 13
f 204/322/821 205/324/825 354/285/826 352/283/822
s 12
f 186/220/827 185/222/823 353/284/824 355/286/828
s 13
f 205/324/825 206/326/829 356/287/830 354/285/826
s 12
f 187/218/831 186/220/827 355/286/828 357/288/832
s 13
f 206/326/829 207/328/833 358/289/834 356/287/830
s 12
f 188/216/835 187/653/831 357/654/832 359/290/836
s 13
f 207/644/833 208/655/837 360/291/838 358/643/834
s 12
f 189/214/839 188/216/835 359/290/836 361/292/840
s 13
f 208/655/837 209/331/841 362/293/842 360/291/838
s 12
f 190/211/843 189/214/839 361/292/840 363/294/844
s 13
f 209/331/841 210/333/845 364/295/846 362/293/842
s 12
f 191/212/847 190/211/843 363/294/844 365/296/848
s 13
f 210/333/845 211/335/849 366/297/850 364/295/846
s 12
f 192/248/851 191/212/847 365/296/848 367/298/852
s 13
f 211/335/849 212/337/853 368/299/854 366/297/850
s 12
f 193/246/855 192/248/851 367/298/852 369/300/856
s 13
f 212/337/853 213/339/857 370/301/858 368/299/854
s 12
f 194/244/859 193/246/855 369/300/856 371/302/860
s 13
f 213/339/857 214/341/861 372/303/862 370/301/858
s 12
f 195/242/863 194/244/859 371/302/860 373/304/864
s 13
f 214/341/861 215/343/865 374/305/866 372/303/862
s 12
f 196/240/867 195/242/863 373/304/864 375/306/868
s 13
f 215/343/865 216/345/869 376/307/870 374/305/866
s 12
f 177/238/792 196/240/867 375/306/868 337/269/793
s 13
f 216/345/869 197/309/795 339/270/798 376/307/870
s 14
f 218/311/871 217/310/872 377/348/873 378/347/874
s 15
f 237/388/875 238/387/876 380/350/877 379/349/878
s 14
f 219/313/879 218/311/871 378/347/874 381/351/880
s 15
f 238/387/876 239/391/881 382/352/882 380/350/877
s 14
f 220/315/883 219/313/879 381/351/880 383/353/884
s 15
f 239/391/881 240/393/885 384/354/886 382/352/882
s 14
f 221/317/887 220/315/883 383/353/884 385/355/888
s 15
f 240/393/885 241/395/889 386/356/890 384/354/886
s 14
f 222/319/891 221/317/887 385/355/888 387/357/892
s 15
f 241/395/889 242/397/893 388/358/894 386/356/890
s 14
f 223/321/895 222/319/891 387/357/892 389/359/896
s 15
f 242/397/893 243/399/897 390/360/898 388/358/894
s 14
f 224/323/899 223/321/895 389/359/896 391/361/900
s 15
f 243/399/897 244/401/901 392/362/902 390/360/898
s 14
f 225/325/903 224/323/899 391/361/900 393/363/904
s 15
f 244/401/901 245/403/905 394/364/906 392/362/902
s 14
f 226/327/907 225/325/903 393/363/904 395/365/908
s 15
f 245/403/905 246/405/909 396/366/910 394/364/906
s 14
f 227/329/911 226/327/907 395/365/908 397/367/912
s 15
f 246/405/909 247/407/913 398/368/914 396/366/910
s 14
f 228/330/915 227/656/911 397/657/912 399/369/916
s 15
f 247/646/913 248/658/917 400/370/918 398/645/914
s 14
f 229/332/919 228/330/915 399/369/916 401/371/920
s 15
f 248/658/917 249/410/921 402/372/922 400/370/918
s 14
f 230/334/923 229/332/919 401/371/920 403/373/924
s 15
f 249/410/921 250/412/925 404/374/926 402/372/922
s 14
f 231/336/927 230/334/923 403/373/924 405/375/928
s 15
f 250/412/925 251/414/929 406/376/930 404/374/926
s 14
f 232/338/931 231/336/927 405/375/928 407/377/932
s 15
f 251/414/929 252/416/933 408/378/934 406/376/930
s 14
f 233/340/935 232/338/931 407/377/932 409/379/936
s 15
f 252/416/933 253/418/937 410/380/938 408/378/934
s 14
f 234/342/939 233/340/935 409/379/936 411/381/940
s 15
f 253/418/937 254/420/941 412/382/942 410/380/938
s 14
f 235/344/943 234/342/939 411/381/940 413/383/944
s 15
f 254/420/941 255/422/945 414/384/946 412/382/942
s 14
f 236/346/947 235/344/943 413/383/944 415/385/948
s 15
f 255/422/945 256/424/949 416/386/950 414/384/946
s 14
f 217/310/872 236/346/947 415/385/948 377/348/873
s 15
f 256/424/949 237/388/875 379/349/878 416/386/950
s 16
f 258/390/951 257/389/952 417/427/953 418/426/954
s 17
f 277/467/955 278/466/956 420/429/957 419/428/958
s 16
f 259/392/959 258/390/951 418/426/954 421/430/960
s 17
f 278/466/956 279/470/961 422/431/962 420/429/957
s 16
f 260/394/963 259/392/959 421/430/960 423/432/964
s 17
f 279/470/961 280/472/965 424/433/966 422/431/962
s 16
f 261/396/967 260/394/963 423/432/964 425/434/968
s 17
f 280/472/965 281/474/969 426/435/970 424/433/966
s 16
f 262/398/971 261/396/967 425/434/968 427/436/972
s 17
f 281/474/969 282/476/973 428/437/974 426/435/970
s 16
f 263/400/975 262/398/971 427/436/972 429/438/976
s 17
f 282/476/973 283/478/977 430/439/978 428/437/974
s 16
f 264/402/979 263/400/975 429/438/976 431/440/980
s 17
f 283/478/977 284/480/981 432/441/982 430/439/978
s 16
f 265/404/983 264/402/979 431/440/980 433/442/984
s 17
f 284/480/981 285/482/985 434/443/986 432/441/982
s 16
f 266/406/987 265/404/983 433/442/984 435/444/988
s 17
f 285/482/985 286/484/989 436/445/990 434/443/986
s 16
f 267/408/991 266/406/987 435/444/988 437/446/992
s 17
f 286/484/989 287/486/993 438/447/994 436/445/990
s 16
f 268/409/995 267/659/991 437/660/992 439/448/996
s 17
f 287/648/993 288/661/997 440/449/998 438/647/994
s 16
f 269/411/999 268/409/995 439/448/996 441/450/1000
s 17
f 288/661/997 289/489/1001 442/451/1002 440/449/998
s 16
f 270/413/1003 269/411/999 441/450/1000 443/452/1004
s 17
f 289/489/1001 290/491/1005 444/453/1006 442/451/1002
s 16
f 271/415/1007 270/413/1003 443/452/1004 445/454/1008
s 17
f 290/491/1005 291/493/1009 446/455/1010 444/453/1006
s 16
f 272/417/1011 271/415/1007 445/454/1008 447/456/1012
s 17
f 291/493/1009 292/495/1013 448/457/1014 446/455/1010
s 16
f 273/419/1015 272/417/1011 447/456/1012 449/458/1016
s 17
f 292/495/1013 293/497/1017 450/459/1018 448/457/1014
s 16
f 274/421/1019 273/419/1015 449/458/1016 451/460/1020
s 17
f 293/497/1017 294/499/1021 452/461/1022 450/459/1018
s 16
f 275/423/1023 274/421/1019 451/460/1020 453/462/1024
s 17
f 294/499/1021 295/501/1025 454/463/1026 452/461/1022
s 16
f 276/425/1027 275/423/1023 453/462/1024 455/464/1028
s 17
f 295/501/1025 296/503/1029 456/465/1030 454/463/1026
s 16
f 257/389/952 276/425/1027 455/464/1028 417/427/953
s 17
f 296/503/1029 277/467/955 419/428/958 456/465/1030
s 18
f 298/564/1031 297/565/1032 457/506/1033 458/505/1034
s 19
f 317/546/1035 318/545/1036 460/508/1037 459/507/1038
s 18
f 299/566/1039 298/564/1031 458/505/1034 461/509/1040
s 19
f 318/545/1036 319/547/1041 462/510/1042 460/508/1037
s 18
f 300/567/1043 299/566/1039 461/509/1040 463/511/1044
s 19
f 319/547/1041 320/548/1045 464/512/1046 462/510/1042
s 18
f 301/568/1047 300/567/1043 463/511/1044 465/513/1048
s 19
f 320/548/1045 321/549/1049 466/514/1050 464/512/1046
s 18
f 302/569/1051 301/568/1047 465/513/1048 467/515/1052
s 19
f 321/549/1049 322/550/1053 468/516/1054 466/514/1050
s 18
f 303/570/1055 302/569/1051 467/515/1052 469/517/1056
s 19
f 322/550/1053 323/551/1057 470/518/1058 468/516/1054
s 18
f 304/571/1059 303/570/1055 469/517/1056 471/519/1060
s 19
f 323/551/1057 324/552/1061 472/520/1062 470/518/1058
s 18
f 305/572/1063 304/571/1059 471/519/1060 473/521/1064
s 19
f 324/552/1061 325/553/1065 474/522/1066 472/520/1062
s 18
f 306/668/1067 305/662/1063 473/663/1064 475/523/1068
s 19
f 325/651/1065 326/664/1069 476/524/1070 474/650/1066
s 18
f 307/573/1071 306/668/1067 475/523/1068 477/525/1072
s 19
f 326/664/1069 327/554/1073 478/526/1074 476/524/1070
s 18
f 308/574/1075 307/573/1071 477/525/1072 479/527/1076
s 19
f 327/554/1073 328/555/1077 480/528/1078 478/526/1074
s 18
f 309/575/1079 308/574/1075 479/527/1076 481/529/1080
s 19
f 328/555/1077 329/556/1081 482/530/1082 480/528/1078
s 18
f 310/576/1083 309/575/1079 481/529/1080 483/531/1084
s 19
f 329/556/1081 330/557/1085 484/532/1086 482/530/1082
s 18
f 311/577/1087 310/576/1083 483/531/1084 485/533/1088
s 19
f 330/557/1085 331/558/1089 486/534/1090 484/532/1086
s 18
f 312/578/1091 311/577/1087 485/533/1088 487/535/1092
s 19
f 331/558/1089 332/559/1093 488/536/1094 486/534/1090
s 18
f 313/579/1095 312/578/1091 487/535/1092 489/537/1096
s 19
f 332/559/1093 333/560/1097 490/538/1098 488/536/1094
s 18
f 314/580/1099 313/579/1095 489/537/1096 491/539/1100
s 19
f 333/560/1097 334/561/1101 492/540/1102 490/538/1098
s 18
f 315/581/1103 314/580/1099 491/539/1100 493/541/1104
s 19
f 334/561/1101 335/562/1105 494/542/1106 492/540/1102
s 18
f 316/582/1107 315/581/1103 493/541/1104 495/543/1108
s 19
f 335/562/1105 336/563/1109 496/544/1110 494/542/1106
s 18
f 297/565/1032 316/582/1107 495/543/1108 457/506/1033
s 19
f 336/563/1109 317/546/1035 459/507/1038 496/544/1110
s 20
f 518/583/1111 517/584/1112 519/585/1113 520/586/1114
f 521/587/1115 518/583/1111 520/586/1114 522/588/1116
f 523/589/1117 521/587/1115 522/588/1116 524/590/1118
f 525/591/1119 523/589/1117 524/590/1118 526/592/1120
f 527/593/1121 525/591/1119 526/592/1120 528/594/1122
f 529/595/1123 527/593/1121 528/594/1122 530/596/1124
f 531/597/1125 529/595/1123 530/596/1124 532/598/1126
f 533/599/1127 531/597/1125 532/598/1126 534/600/1128
f 535/601/1129 533/599/1127 534/600/1128 536/602/1130
f 537/603/1131 535/601/1129 536/602/1130 538/604/1132
f 539/605/1133 537/667/1131 538/665/1132 540/606/1134
f 541/607/1135 539/605/1133 540/606/1134 542/608/1136
f 543/609/1137 541/607/1135 542/608/1136 544/610/1138
f 545/611/1139 543/609/1137 544/610/1138 546/612/1140
f 547/613/1141 545/611/1139 546/612/1140 548/614/1142
f 549/615/1143 547/613/1141 548/614/1142 550/616/1144
f 551/617/1145 549/615/1143 550/616/1144 552/618/1146
f 553/619/1147 551/617/1145 552/618/1146 554/620/1148
f 555/621/1149 553/619/1147 554/620/1148 556/622/1150
f 517/584/1112 555/621/1149 556/622/1150 519/585/1113
s 21
f 498/468/1151 497/504/1152 517/584/1153 518/583/1154
s 18
f 315/581/1103 316/582/1107 520/586/1155 519/585/1156
s 21
f 499/469/1157 498/468/1151 518/583/1154 521/587/1158
s 18
f 316/582/1107 297/565/1032 522/588/1159 520/586/1155
s 21
f 500/471/1160 499/469/1157 521/587/1158 523/589/1161
s 18
f 297/565/1032 298/564/1031 524/590/1162 522/588/1159
s 21
f 501/473/1163 500/471/1160 523/589/1161 525/591/1164
s 18
f 298/564/1031 299/566/1039 526/592/1165 524/590/1162
s 21
f 502/475/1166 501/473/1163 525/591/1164 527/593/1167
s 18
f 299/566/1039 300/567/1043 528/594/1168 526/592/1165
s 21
f 503/477/1169 502/475/1166 527/593/1167 529/595/1170
s 18
f 300/567/1043 301/568/1047 530/596/1171 528/594/1168
s 21
f 504/479/1172 503/477/1169 529/595/1170 531/597/1173
s 18
f 301/568/1047 302/569/1051 532/598/1174 530/596/1171
s 21
f 505/481/1175 504/479/1172 531/597/1173 533/599/1176
s 18
f 302/569/1051 303/570/1055 534/600/1177 532/598/1174
s 21
f 506/483/1178 505/481/1175 533/599/1176 535/601/1179
s 18
f 303/570/1055 304/571/1059 536/602/1180 534/600/1177
s 21
f 507/485/1181 506/483/1178 535/601/1179 537/603/1182
s 18
f 304/571/1059 305/572/1063 538/604/1183 536/602/1180
s 21
f 508/487/1184 507/666/1181 537/667/1182 539/605/1185
s 18
f 305/662/1063 306/668/1067 540/606/1186 538/665/1183
s 21
f 509/488/1187 508/487/1184 539/605/1185 541/607/1188
s 18
f 306/668/1067 307/573/1071 542/608/1189 540/606/1186
s 21
f 510/490/1190 509/488/1187 541/607/1188 543/609/1191
s 18
f 307/573/1071 308/574/1075 544/610/1192 542/608/1189
s 21
f 511/492/1193 510/490/1190 543/609/1191 545/611/1194
s 18
f 308/574/1075 309/575/1079 546/612/1195 544/610/1192
s 21
f 512/494/1196 511/492/1193 545/611/1194 547/613/1197
s 18
f 309/575/1079 310/576/1083 548/614/1198 546/612/1195
s 21
f 513/496/1199 512/494/1196 547/613/1197 549/615/1200
s 18
f 310/576/1083 311/577/1087 550/616/1201 548/614/1198
s 21
f 514/498/1202 513/496/1199 549/615/1200 551/617/1203
s 18
f 311/577/1087 312/578/1091 552/618/1204 550/616/1201
s 21
f 515/500/1205 514/498/1202 551/617/1203 553/619/1206
s 18
f 312/578/1091 313/579/1095 554/620/1207 552/618/1204
s 21
f 516/502/1208 515/500/1205 553/619/1206 555/621/1209
s 18
f 313/579/1095 314/580/1099 556/622/1210 554/620/1207
s 21
f 497/504/1152 516/502/1208 555/621/1209 517/584/1153
s 18
f 314/580/1099 315/581/1103 519/585/1156 556/622/1210
g default
v -27.941238 3.296597 0.695983
v -27.919919 3.275278 0.695983
v -27.919919 3.296597 0.717302
v -20.834417 3.275278 0.695983
v -20.813098 3.296597 0.695983
v -20.834417 3.296597 0.717302
v -27.919919 3.488489 0.695983
v -27.941239 3.467170 0.695983
v -27.919919 3.467170 0.717302
v -20.813098 3.467170 0.695983
v -20.834417 3.488489 0.695983
v -20.834417 3.467170 0.717302
v -27.919919 3.467170 -0.611277
v -27.941239 3.467170 -0.589958
v -27.919919 3.488489 -0.589958
v -20.813098 3.467170 -0.589958
v -20.834417 3.467170 -0.611277
v -20.834417 3.488489 -0.589958
v -27.919919 3.275278 -0.589958
v -27.941238 3.296597 -0.589958
v -27.919919 3.296597 -0.611277
v -20.813098 3.296597 -0.589958
v -20.834417 3.275278 -0.589958
v -20.834417 3.296597 -0.611277
vt 0.964772 0.507844
vt 0.639616 0.507844
vt 0.639616 0.448832
vt 0.964772 0.448831
vt 0.639616 0.585446
vt 0.639616 0.577619
vt 0.964773 0.577619
vt 0.964772 0.585446
vt 0.964773 0.576640
vt 0.639616 0.576640
vt 0.964772 0.586425
vt 0.639616 0.586425
vt 0.973579 0.448831
vt 0.973579 0.507844
vt 0.965751 0.507844
vt 0.965751 0.448831
vt 0.974557 0.448831
vt 0.974557 0.507844
vt 0.973579 0.508822
vt 0.965751 0.508822
vt 0.964772 0.508822
vt 0.964772 0.517628
vt 0.965751 0.447853
vt 0.973579 0.447853
vt 0.630810 0.517628
vt 0.638638 0.517628
vt 0.638638 0.576640
vt 0.630810 0.576640
vt 0.638638 0.516650
vt 0.630810 0.516650
vt 0.639616 0.508822
vt 0.639616 0.517628
vt 0.630810 0.577619
vt 0.638638 0.577619
vt 0.629832 0.576640
vt 0.629832 0.517628
vt 0.964772 0.516650
vt 0.639616 0.516650
vn 0.000000 -1.000000 0.000000
vn 0.000000 -1.000000 0.000000
vn 0.000000 -1.000000 0.000000
vn 0.000000 -1.000000 0.000000
vn -0.000000 0.000000 1.000000
vn -0.000000 0.000000 1.000000
vn -0.000000 0.000000 1.000000
vn -0.000000 0.000000 1.000000
vn -1.000000 -0.000003 0.000000
vn -1.000000 -0.000003 0.000000
vn -1.000000 -0.000003 0.000000
vn -1.000000 -0.000003 0.000000
vn 1.000000 0.000000 0.000000
vn 1.000000 0.000000 0.000000
vn 1.000000 0.000000 0.000000
vn 1.000000 0.000000 0.000000
vn -0.000000 1.000000 0.000000
vn -0.000000 1.000000 0.000000
vn -0.000000 1.000000 0.000000
vn -0.000000 1.000000 0.000000
vn 0.000000 0.000000 -1.000000
vn 0.000000 0.000000 -1.000000
vn 0.000000 0.000000 -1.000000
vn 0.000000 0.000000 -1.000000
vn -0.707098 -0.707115 0.000000
vn -0.707098 -0.707115 0.000000
vn -0.707098 -0.707115 0.000000
vn -0.707098 -0.707115 0.000000
vn 0.000000 -0.707106 0.707108
vn 0.000000 -0.707106 0.707108
vn 0.000000 -0.707106 0.707108
vn 0.000000 -0.707106 0.707108
vn -0.707094 0.000000 0.707119
vn -0.707094 0.000000 0.707119
vn -0.707094 0.000000 0.707119
vn -0.707094 0.000000 0.707119
vn 0.707113 -0.707100 0.000000
vn 0.707113 -0.707100 0.000000
vn 0.707113 -0.707100 0.000000
vn 0.707113 -0.707100 0.000000
vn 0.707109 0.000002 0.707105
vn 0.707109 0.000002 0.707105
vn 0.707109 0.000002 0.707105
vn 0.707109 0.000002 0.707105
vn -0.707095 0.707119 0.000000
vn -0.707095 0.707119 0.000000
vn -0.707095 0.707119 0.000000
vn -0.707095 0.707119 0.000000
vn -0.000000 0.707106 0.707108
vn -0.000000 0.707106 0.707108
vn -0.000000 0.707106 0.707108
vn -0.000000 0.707106 0.707108
vn 0.707109 0.707104 0.000000
vn 0.707109 0.707104 0.000000
vn 0.707109 0.707104 0.000000
vn 0.707109 0.707104 0.000000
vn -0.707094 0.000000 -0.707119
vn -0.707094 0.000000 -0.707119
vn -0.707094 0.000000 -0.707119
vn -0.707094 0.000000 -0.707119
vn -0.000000 0.707106 -0.707108
vn -0.000000 0.707106 -0.707108
vn -0.000000 0.707106 -0.707108
vn -0.000000 0.707106 -0.707108
vn 0.707109 0.000002 -0.707105
vn 0.707109 0.000002 -0.707105
vn 0.707109 0.000002 -0.707105
vn 0.707109 0.000002 -0.707105
vn 0.000000 -0.707106 -0.707108
vn 0.000000 -0.707106 -0.707108
vn 0.000000 -0.707106 -0.707108
vn 0.000000 -0.707106 -0.707108
vn -0.577342 -0.577351 0.577358
vn -0.577342 -0.577351 0.577358
vn -0.577342 -0.577351 0.577358
vn 0.577357 -0.577344 0.577349
vn 0.577357 -0.577344 0.577349
vn 0.577357 -0.577344 0.577349
vn -0.577340 0.577349 0.577362
vn -0.577340 0.577349 0.577362
vn -0.577340 0.577349 0.577362
vn 0.577356 0.577342 0.577353
vn 0.577356 0.577342 0.577353
vn 0.577356 0.577342 0.577353
vn -0.577340 0.577349 -0.577362
vn -0.577340 0.577349 -0.577362
vn -0.577340 0.577349 -0.577362
vn 0.577356 0.577342 -0.577353
vn 0.577356 0.577342 -0.577353
vn 0.577356 0.577342 -0.577353
vn -0.577342 -0.577351 -0.577358
vn -0.577342 -0.577351 -0.577358
vn -0.577342 -0.577351 -0.577358
vn 0.577357 -0.577344 -0.577349
vn 0.577357 -0.577344 -0.577349
vn 0.577357 -0.577344 -0.577349
s off
g mg pCube6
usemtl blinn7SG
f 575/669/1211 579/670/1212 560/671/1213 558/672/1214
f 562/673/1215 568/674/1216 565/675/1217 559/676/1218
f 564/681/1219 570/682/1220 576/683/1221 557/684/1222
f 578/693/1223 572/694/1224 566/695/1225 561/696/1226
f 567/678/1227 574/700/1228 571/690/1229 563/677/1230
f 573/706/1231 580/699/1232 577/689/1233 569/705/1234
f 558/672/1235 557/684/1236 576/683/1237 575/669/1238
f 559/676/1239 558/679/1240 560/680/1241 562/673/1242
f 557/684/1243 559/691/1244 565/692/1245 564/681/1246
f 561/696/1247 560/703/1248 579/704/1249 578/693/1250
f 562/701/1251 561/696/1252 566/695/1253 568/702/1254
f 564/681/1255 563/685/1256 571/686/1257 570/682/1258
f 563/677/1259 565/675/1260 568/674/1261 567/678/1262
f 567/678/1263 566/695/1264 572/694/1265 574/700/1266
f 570/682/1267 569/687/1268 577/688/1269 576/683/1270
f 569/705/1271 571/690/1272 574/700/1273 573/706/1274
f 573/697/1275 572/694/1276 578/693/1277 580/698/1278
f 575/669/1279 577/689/1280 580/699/1281 579/670/1282
f 557/684/1283 558/672/1284 559/691/1285
f 560/703/1286 561/696/1287 562/701/1288
f 563/685/1289 564/681/1290 565/692/1291
f 566/695/1292 567/678/1293 568/702/1294
f 569/687/1295 570/682/1296 571/686/1297
f 572/694/1298 573/697/1299 574/700/1300
f 575/669/1301 576/683/1302 577/688/1303
f 578/693/1304 579/704/1305 580/698/1306
g default
v -23.126936 3.438290 0.650045
v -23.126936 3.195130 0.650045
v -23.126936 3.195130 -0.544020
v -23.126936 3.438290 -0.544020
v -22.843711 3.569728 0.650045
v -22.843711 3.385715 0.650045
v -22.843711 3.385715 -0.544020
v -22.843711 3.569728 -0.544020
v -21.829424 3.569728 -0.544020
v -21.829424 3.385715 -0.544020
v -21.829424 3.385715 0.650045
v -21.829424 3.569728 0.650045
v -21.267506 3.511334 0.650045
v -21.267506 3.327321 0.650045
v -21.267506 3.327321 -0.544020
v -21.267506 3.511334 -0.544020
v -25.342112 2.945297 0.618813
v -25.296659 2.920022 0.618813
v -25.309868 2.949776 0.650045
v -23.156044 2.920022 0.618813
v -23.101630 2.936671 0.618813
v -23.126360 2.949858 0.650045
v -24.911810 4.022183 0.618813
v -24.878441 4.013440 0.650045
v -24.860988 4.043194 0.618813
v -23.125919 4.013440 0.650045
v -23.125867 4.043194 0.618813
v -24.878441 4.013440 -0.544020
v -24.911810 4.022183 -0.512788
v -24.860988 4.043194 -0.512788
v -23.125867 4.043194 -0.512788
v -23.125919 4.013440 -0.544020
v -25.342112 2.945297 -0.512788
v -25.309868 2.949776 -0.544020
v -25.296659 2.920022 -0.512788
v -23.126360 2.949858 -0.544020
v -23.101630 2.936671 -0.512788
v -23.156044 2.920022 -0.512788
v -25.465953 3.195130 0.650045
v -25.497282 3.195130 0.618813
v -20.806144 3.279124 0.650045
v -20.776390 3.249370 0.618813
v -20.806144 3.327321 0.650045
v -20.776390 3.327321 0.618813
v -25.460702 3.438290 -0.544020
v -25.497282 3.438290 -0.512788
v -20.806143 3.545613 -0.544020
v -20.776389 3.575367 -0.512788
v -20.806144 3.511334 -0.544020
v -20.776390 3.511334 -0.512788
v -25.460702 3.438290 0.650045
v -25.497282 3.438290 0.618813
v -25.465953 3.195130 -0.544020
v -25.497282 3.195130 -0.512788
v -20.806144 3.327321 -0.544020
v -20.776390 3.327321 -0.512788
v -20.806143 3.545613 0.650045
v -20.776389 3.575367 0.618813
v -20.776390 3.511334 0.618813
v -20.806144 3.511334 0.650045
v -20.806144 3.279124 -0.544020
v -20.776390 3.249370 -0.512788
v -22.843999 3.110607 0.618813
v -22.843967 3.140685 0.650045
v -22.843967 3.140685 -0.544020
v -22.843999 3.110607 -0.512788
v -22.844187 4.043194 -0.512788
v -22.844157 4.013440 -0.544020
v -22.844157 4.013440 0.650045
v -22.844187 4.043194 0.618813
v -21.829553 3.140600 0.650045
v -21.829569 3.110607 0.618813
v -21.829569 3.110607 -0.512788
v -21.829553 3.140600 -0.544020
v -21.829648 4.012428 -0.544020
v -21.829663 4.043194 -0.512788
v -21.829648 4.012428 0.650045
v -21.829663 4.043194 0.618813
v -21.267563 3.543354 0.650045
v -21.267620 3.575367 0.618813
v -21.267620 3.575367 -0.512788
v -21.267563 3.543354 -0.544020
v -21.267548 3.279663 -0.544020
v -21.267575 3.249370 -0.512788
v -21.267575 3.249370 0.618813
v -21.267548 3.279663 0.650045
vt 0.092935 0.974876
vt 0.059810 0.975194
vt 0.059730 0.967190
vt 0.092851 0.966875
vt 0.092946 0.975859
vt 0.059819 0.976174
vt 0.041415 0.970828
vt 0.041399 0.969271
vt 0.059672 0.961181
vt 0.092793 0.960866
vt 0.267050 0.944721
vt 0.102158 0.973011
vt 0.041425 0.971817
vt 0.026348 0.970989
vt 0.026333 0.969415
vt 0.041341 0.963262
vt 0.059542 0.946725
vt 0.092670 0.946377
vt 0.102083 0.965071
vt 0.178538 0.972284
vt 0.173517 0.980345
vt 0.025386 0.971969
vt 0.026276 0.963406
vt 0.041333 0.962217
vt 0.092662 0.945405
vt 0.059533 0.945720
vt 0.101871 0.946289
vt 0.178291 0.964346
vt 0.196170 0.944421
vt 0.266071 0.943756
vt 0.026265 0.962287
vt 0.101860 0.945318
vt 0.159099 0.945745
vt 0.025284 0.961324
vt 0.041325 0.961172
vt 0.158520 0.944779
vt 0.102216 0.981020
vt 0.195748 0.945397
vt 0.059182 0.908769
vt 0.092311 0.908454
vt 0.092300 0.907437
vt 0.059172 0.907740
vt 0.172477 0.871921
vt 0.101509 0.908366
vt 0.101501 0.907349
vt 0.158168 0.907827
vt 0.266679 0.905821
vt 0.158729 0.906797
vt 0.160179 0.944763
vt 0.159828 0.907811
vt 0.159100 0.945794
vt 0.092085 0.886944
vt 0.058964 0.887268
vt 0.058890 0.879263
vt 0.092015 0.878942
vt 0.092144 0.892952
vt 0.059023 0.893276
vt 0.040582 0.883983
vt 0.040596 0.885540
vt 0.092007 0.877960
vt 0.058881 0.878284
vt 0.101273 0.880629
vt 0.101176 0.872621
vt 0.366695 0.943819
vt 0.382012 0.943674
vt 0.040655 0.891548
vt 0.101351 0.888570
vt 0.040574 0.882994
vt 0.025531 0.885687
vt 0.025515 0.884113
vt 0.195378 0.906502
vt 0.177652 0.879883
vt 0.040667 0.892594
vt 0.382656 0.905692
vt 0.025590 0.891696
vt 0.177558 0.887825
vt 0.024534 0.883151
vt 0.195819 0.907469
vt 0.265719 0.906805
vt 0.025600 0.892815
vt 0.274149 0.905704
vt 0.024638 0.893796
vt 0.040679 0.893639
vt 0.273176 0.906734
vt 0.306302 0.906419
vt 0.306653 0.943370
vt 0.273527 0.943686
vt 0.325005 0.943196
vt 0.324653 0.906244
vt 0.341044 0.943044
vt 0.340693 0.906091
vt 0.343590 0.943019
vt 0.266679 0.905775
vt 0.267050 0.944767
vt 0.343238 0.906067
vt 0.342025 0.944054
vt 0.343599 0.944039
vt 0.343228 0.905047
vt 0.341655 0.905062
vt 0.349598 0.942962
vt 0.349247 0.906010
vt 0.349608 0.943982
vt 0.349237 0.904990
vt 0.351689 0.942942
vt 0.351338 0.905990
vt 0.350728 0.943971
vt 0.350357 0.904979
vt 0.178895 0.907630
vt 0.186835 0.907555
vt 0.187186 0.944506
vt 0.179246 0.944582
vt 0.178885 0.906610
vt 0.186825 0.906535
vt 0.194993 0.907477
vt 0.195345 0.944429
vt 0.187196 0.945526
vt 0.179256 0.945602
vt 0.366324 0.904828
vt 0.381642 0.904682
vt 0.160104 0.906789
vt 0.194837 0.906459
vt 0.268288 0.944755
vt 0.274519 0.944696
vt 0.195208 0.945450
vt 0.160474 0.945780
vt 0.367730 0.942790
vt 0.267496 0.906788
vt 0.267848 0.943739
vt 0.367379 0.905838
vt 0.383007 0.942644
vt 0.267917 0.905764
vn 0.000000 0.000000 1.000000
vn 0.000000 0.000000 1.000000
vn 0.000000 0.000000 1.000000
vn 0.000000 0.000000 1.000000
vn 0.000000 1.000000 0.000000
vn 0.000000 1.000000 0.000000
vn 0.000000 1.000000 0.000000
vn 0.000000 1.000000 0.000000
vn 0.000000 0.000000 -1.000000
vn 0.000000 0.000000 -1.000000
vn 0.000000 0.000000 -1.000000
vn 0.000000 0.000000 -1.000000
vn 0.000000 -1.000000 0.000000
vn 0.000000 -1.000000 0.000000
vn 0.000000 -1.000000 0.000000
vn 0.000000 -1.000000 0.000000
vn 1.000000 0.000000 0.000000
vn 1.000000 0.000000 0.000000
vn 1.000000 0.000000 0.000000
vn 1.000000 0.000000 0.000000
vn 0.000000 0.000000 -1.000000
vn 0.000000 0.000000 -1.000000
vn 0.000000 0.000000 -1.000000
vn 0.000000 0.000000 -1.000000
vn 1.000000 -0.000017 0.000000
vn 1.000000 -0.000017 0.000000
vn 1.000000 -0.000017 0.000000
vn 1.000000 -0.000017 0.000000
vn 0.000000 0.000000 1.000000
vn 0.000000 0.000000 1.000000
vn 0.000000 0.000000 1.000000
vn 0.000000 0.000000 1.000000
vn -1.000000 0.000000 0.000000
vn -1.000000 0.000000 0.000000
vn -1.000000 0.000000 0.000000
vn -1.000000 0.000000 0.000000
vn 0.000000 0.000000 -1.000000
vn 0.000000 0.000000 -1.000000
vn 0.000000 0.000000 -1.000000
vn 0.000000 0.000000 -1.000000
vn 1.000000 0.000000 0.000000
vn 1.000000 0.000000 0.000000
vn 1.000000 0.000000 0.000000
vn 1.000000 0.000000 0.000000
vn 0.000000 0.000000 1.000000
vn 0.000000 0.000000 1.000000
vn 0.000000 0.000000 1.000000
vn 0.000000 0.000000 1.000000
vn 0.000000 0.000000 1.000000
vn 0.000000 0.000000 1.000000
vn 0.000000 0.000000 1.000000
vn 0.000000 0.000000 1.000000
vn 0.000000 0.000000 1.000000
vn 0.000000 0.000000 1.000000
vn 0.000000 0.000000 1.000000
vn 0.000000 0.000000 1.000000
vn 0.000000 0.000000 -1.000000
vn 0.000000 0.000000 -1.000000
vn 0.000000 0.000000 -1.000000
vn 0.000000 0.000000 -1.000000
vn 0.000000 0.000000 -1.000000
vn 0.000000 0.000000 -1.000000
vn 0.000000 0.000000 -1.000000
vn 0.000000 0.000000 -1.000000
vn 0.000000 0.000000 -1.000000
vn 0.000000 0.000000 -1.000000
vn 0.000000 0.000000 -1.000000
vn 0.000000 0.000000 -1.000000
vn 0.000000 0.000000 1.000000
vn 0.000000 0.000000 1.000000
vn 0.000000 0.000000 1.000000
vn 0.000000 0.000000 1.000000
vn -0.000000 0.000000 1.000000
vn -0.000000 0.000000 1.000000
vn -0.000000 0.000000 1.000000
vn -0.000000 0.000000 1.000000
vn 0.000000 0.000000 1.000000
vn 0.000000 0.000000 1.000000
vn 0.000000 0.000000 1.000000
vn 0.000000 0.000000 1.000000
vn 0.000000 0.000000 -1.000000
vn 0.000000 0.000000 -1.000000
vn 0.000000 0.000000 -1.000000
vn 0.000000 0.000000 -1.000000
vn -0.000000 0.000000 -1.000000
vn -0.000000 0.000000 -1.000000
vn -0.000000 0.000000 -1.000000
vn -0.000000 0.000000 -1.000000
vn 0.000000 0.000000 -1.000000
vn 0.000000 0.000000 -1.000000
vn 0.000000 0.000000 -1.000000
vn 0.000000 0.000000 -1.000000
vn 0.000000 1.000000 0.000000
vn 0.000000 1.000000 0.000000
vn 0.000000 1.000000 0.000000
vn 0.000000 1.000000 0.000000
vn -0.000000 0.000000 1.000000
vn -0.000000 0.000000 1.000000
vn -0.000000 0.000000 1.000000
vn -0.000000 0.000000 1.000000
vn 0.000000 1.000000 0.000000
vn 0.000000 1.000000 0.000000
vn 0.000000 1.000000 0.000000
vn 0.000000 1.000000 0.000000
vn 0.000000 0.000000 -1.000000
vn 0.000000 0.000000 -1.000000
vn 0.000000 0.000000 -1.000000
vn 0.000000 0.000000 -1.000000
vn 0.000000 0.000000 -1.000000
vn 0.000000 0.000000 -1.000000
vn 0.000000 0.000000 -1.000000
vn 0.000000 0.000000 -1.000000
vn 0.000000 0.000000 -1.000000
vn 0.000000 0.000000 -1.000000
vn 0.000000 0.000000 -1.000000
vn 0.000000 0.000000 -1.000000
vn 0.000000 -1.000000 0.000000
vn 0.000000 -1.000000 0.000000
vn 0.000000 -1.000000 0.000000
vn 0.000000 -1.000000 0.000000
vn 0.000000 0.000000 1.000000
vn 0.000000 0.000000 1.000000
vn 0.000000 0.000000 1.000000
vn 0.000000 0.000000 1.000000
vn 0.000000 0.000000 1.000000
vn 0.000000 0.000000 1.000000
vn 0.000000 0.000000 1.000000
vn 0.000000 0.000000 1.000000
vn 0.000000 0.000000 1.000000
vn 0.000000 0.000000 1.000000
vn 0.000000 0.000000 1.000000
vn 0.000000 0.000000 1.000000
vn 0.000000 0.000000 1.000000
vn 0.000000 0.000000 1.000000
vn 0.000000 0.000000 1.000000
vn 0.000000 0.000000 1.000000
vn -0.000000 0.000000 1.000000
vn -0.000000 0.000000 1.000000
vn -0.000000 0.000000 1.000000
vn -0.000000 0.000000 1.000000
vn 0.239713 -0.970844 0.000000
vn 0.239713 -0.970844 0.000000
vn 0.239713 -0.970844 0.000000
vn 0.239713 -0.970844 0.000000
vn -0.000000 0.000000 -1.000000
vn -0.000000 0.000000 -1.000000
vn -0.000000 0.000000 -1.000000
vn -0.000000 0.000000 -1.000000
vn 0.000000 0.000000 -1.000000
vn 0.000000 0.000000 -1.000000
vn 0.000000 0.000000 -1.000000
vn 0.000000 0.000000 -1.000000
vn 0.000000 0.000000 -1.000000
vn 0.000000 0.000000 -1.000000
vn 0.000000 0.000000 -1.000000
vn 0.000000 0.000000 -1.000000
vn 0.639746 0.768586 0.000000
vn 0.639746 0.768586 0.000000
vn 0.639746 0.768586 0.000000
vn 0.639746 0.768586 0.000000
vn 0.000000 0.000000 1.000000
vn 0.000000 0.000000 1.000000
vn 0.000000 0.000000 1.000000
vn 0.000000 0.000000 1.000000
vn -0.194823 -0.980838 0.000000
vn 0.132135 -0.991232 0.000000
vn 0.132135 -0.991232 0.000000
vn -0.194823 -0.980838 0.000000
vn -0.849485 -0.527612 0.000000
vn -0.651941 -0.758270 0.000000
vn -0.651941 -0.758270 0.000000
vn -0.849485 -0.527612 0.000000
vn 0.559551 -0.828796 0.000000
vn 0.408776 -0.912635 0.000000
vn 0.408776 -0.912635 0.000000
vn 0.559551 -0.828796 0.000000
vn -0.163422 0.986556 0.000000
vn -0.163422 0.986556 0.000000
vn -0.706151 0.708061 0.000000
vn -0.523092 0.852276 0.000000
vn -0.523092 0.852276 0.000000
vn -0.706151 0.708061 0.000000
vn -0.299642 -0.681986 0.667165
vn -0.177541 -0.748680 0.638716
vn 0.116883 -0.771494 0.625408
vn 0.207213 -0.746692 0.632071
vn -0.518398 -0.604249 0.605101
vn -0.666746 -0.203977 0.716829
vn -0.666746 -0.203977 0.716829
vn 0.334510 -0.743205 0.579439
vn 0.184956 -0.708616 0.680922
vn 0.184956 -0.708616 0.680922
vn -0.248909 0.710540 0.658162
vn -0.414833 0.674195 0.611044
vn -0.526698 0.530647 0.664081
vn -0.526698 0.530647 0.664081
vn -0.144520 0.755515 0.638992
vn 0.000000 0.724037 0.689761
vn 0.000000 0.724037 0.689761
vn 0.000179 0.721127 0.692803
vn 0.000179 0.721127 0.692803
vn -0.414834 0.674195 -0.611043
vn -0.248909 0.710541 -0.658161
vn -0.526698 0.530647 -0.664081
vn -0.526698 0.530647 -0.664081
vn -0.144520 0.755515 -0.638992
vn 0.000000 0.724037 -0.689761
vn 0.000000 0.724037 -0.689761
vn 0.000179 0.721127 -0.692803
vn 0.000179 0.721127 -0.692803
vn -0.299642 -0.681986 -0.667165
vn -0.518398 -0.604249 -0.605101
vn -0.666746 -0.203977 -0.716829
vn -0.666746 -0.203977 -0.716829
vn -0.177541 -0.748680 -0.638716
vn 0.207213 -0.746692 -0.632071
vn 0.116883 -0.771494 -0.625408
vn 0.334510 -0.743205 -0.579439
vn 0.184956 -0.708616 -0.680922
vn 0.184956 -0.708616 -0.680922
vn -0.676964 0.007309 0.735979
vn -0.676964 0.007309 0.735979
vn -0.000408 -0.721020 0.692914
vn -0.000408 -0.721020 0.692914
vn 0.084301 -0.717784 0.691144
vn 0.084301 -0.717784 0.691144
vn 0.724035 0.000000 0.689763
vn 0.724035 0.000000 0.689763
vn 0.724035 0.000000 0.689763
vn 0.724035 0.000000 0.689763
vn 0.724037 -0.000006 0.689762
vn 0.724037 -0.000006 0.689762
vn -0.676964 0.007309 -0.735979
vn -0.676964 0.007309 -0.735979
vn -0.001687 0.711466 -0.702719
vn -0.001687 0.711466 -0.702719
vn 0.205000 0.694332 -0.689839
vn 0.205000 0.694332 -0.689839
vn 0.724038 -0.000012 -0.689760
vn 0.724038 -0.000012 -0.689760
vn 0.724036 -0.000006 -0.689762
vn 0.724036 -0.000006 -0.689762
vn 0.724035 0.000000 -0.689763
vn 0.724035 0.000000 -0.689763
vn 0.724035 0.000000 -0.689763
vn 0.724035 0.000000 -0.689763
vn -0.001687 0.711466 0.702719
vn -0.001687 0.711466 0.702719
vn 0.205000 0.694332 0.689839
vn 0.205000 0.694332 0.689839
vn 0.724038 -0.000012 0.689760
vn 0.724038 -0.000012 0.689760
vn -0.000408 -0.721020 -0.692914
vn -0.000408 -0.721020 -0.692914
vn 0.084301 -0.717784 -0.691144
vn 0.084301 -0.717784 -0.691144
vn 0.084498 -0.717648 0.691261
vn 0.084498 -0.717648 0.691261
vn 0.084498 -0.717648 -0.691261
vn 0.084498 -0.717648 -0.691261
vn 0.206093 0.698424 -0.685369
vn 0.206093 0.698424 -0.685369
vn 0.206093 0.698424 0.685369
vn 0.206093 0.698424 0.685369
s off
g mg pCube7
usemtl blinn7SG
f 644/707/1307 651/708/1308 591/709/1309 586/710/1310
f 650/731/1311 658/732/1312 656/745/1313 647/746/1314
f 587/758/1315 590/759/1316 654/760/1317 645/761/1318
f 646/790/1319 653/791/1320 652/792/1321 643/793/1322
f 624/798/1323 622/796/1324 642/797/1325 636/801/1326
f 648/747/1327 655/748/1328 589/763/1329 588/762/1330
f 638/810/1331 639/806/1332 630/807/1333 628/811/1334
f 657/723/1335 649/724/1336 585/716/1337 592/715/1338
f 626/814/1339 634/815/1340 620/816/1341 632/817/1342
f 588/762/1343 589/763/1344 590/759/1345 587/758/1346
f 639/806/1347 624/798/1348 636/801/1349 630/807/1350
f 586/710/1351 591/709/1352 592/715/1353 585/716/1354
f 631/734/1355 619/726/1356 582/718/1357 581/725/1358
f 619/726/1359 599/727/1360 602/743/1361 582/718/1362
f 616/769/1363 614/749/1364 633/778/1365 583/768/1366
f 633/778/1367 625/782/1368 584/773/1369 583/768/1370
f 625/782/1371 608/754/1372 612/751/1373 584/773/1374
f 606/733/1375 604/739/1376 631/734/1377 581/725/1378
f 582/718/1379 586/710/1380 585/716/1381 581/725/1382
f 602/743/1383 644/707/1384 586/710/1385 582/718/1386
f 583/768/1387 587/758/1388 645/761/1389 616/769/1390
f 584/773/1391 588/762/1392 587/758/1393 583/768/1394
f 612/751/1395 648/747/1396 588/762/1397 584/773/1398
s 24
f 607/738/1399 650/731/1400 647/746/1401 611/750/1402
s off
f 649/724/1403 606/733/1404 581/725/1405 585/716/1406
f 660/832/1407 638/810/1408 628/811/1409 661/835/1410
f 596/772/1411 662/779/1412 627/786/1413 629/781/1414
f 595/765/1415 596/772/1416 629/781/1417 635/775/1418
f 635/775/1419 641/776/1420 663/764/1421 595/765/1422
f 622/796/1423 665/794/1424 664/795/1425 642/797/1426
f 594/714/1427 666/713/1428 621/720/1429 623/721/1430
f 593/722/1431 594/714/1432 623/721/1433 640/729/1434
f 640/729/1435 637/737/1436 659/730/1437 593/722/1438
f 592/715/1439 591/709/1440 594/714/1441 593/722/1442
f 591/709/1443 651/708/1444 666/713/1445 594/714/1446
f 665/794/1447 652/792/1448 653/791/1449 664/795/1450
f 663/764/1451 654/760/1452 590/759/1453 595/765/1454
f 590/759/1455 589/763/1456 596/772/1457 595/765/1458
f 589/763/1459 655/748/1460 662/779/1461 596/772/1462
f 658/836/1463 660/832/1464 661/835/1465 656/780/1466
f 659/730/1467 657/723/1468 592/715/1469 593/722/1470
s 42
f 615/784/1471 618/785/1472 600/736/1473 598/735/1474
f 634/815/1475 613/820/1476 597/821/1477 620/816/1478
f 643/793/1479 601/834/1480 617/833/1481 646/790/1482
s 24
f 611/750/1402 610/752/1483 605/742/1484 607/738/1399
f 632/817/1485 603/755/1486 609/756/1487 626/814/1488
s 42
f 598/735/1474 597/821/1477 613/820/1476 615/784/1471
s 43
f 599/744/1489 598/735/1490 600/736/1491 602/717/1492
f 597/821/1493 599/830/1489 619/822/1494 620/816/1495
s 42
f 601/834/1480 600/736/1473 618/785/1472 617/833/1481
s 43
f 602/828/1492 601/834/1496 643/793/1497 644/829/1498
s 44
f 604/831/1499 603/755/1500 632/817/1501 631/823/1502
f 605/742/1503 604/739/1499 606/733/1504 607/738/1505
s 24
f 603/755/1486 605/742/1484 610/752/1483 609/756/1487
s 44
f 607/738/1505 606/733/1504 649/724/1506 650/731/1507
s 45
f 609/756/1508 608/826/1509 625/818/1510 626/814/1511
f 608/754/1509 610/752/1512 611/750/1513 612/751/1514
f 612/751/1514 611/750/1513 647/746/1515 648/747/1516
s 46
f 614/827/1517 613/820/1518 634/815/1519 633/819/1520
f 615/784/1521 614/777/1517 616/753/1522 618/785/1523
f 617/833/1524 616/837/1522 645/787/1525 646/790/1526
s 43
f 620/816/1495 619/822/1494 631/823/1527 632/817/1528
f 622/728/1529 621/720/1530 666/713/1531 665/719/1532
s 47
f 621/802/1533 622/796/1534 624/798/1535 623/803/1536
f 623/803/1536 624/798/1535 639/806/1537 640/808/1538
s 46
f 626/814/1539 625/818/1540 633/819/1520 634/815/1519
s 45
f 628/788/1541 627/786/1542 662/779/1543 661/789/1544
s 48
f 627/813/1545 628/811/1546 630/807/1547 629/809/1548
f 629/809/1548 630/807/1547 636/801/1549 635/804/1550
f 635/804/1550 636/801/1549 642/797/1551 641/805/1552
s 44
f 637/737/1553 638/740/1554 660/741/1555 659/730/1556
s 47
f 638/810/1557 637/812/1558 640/808/1538 639/806/1537
s 46
f 641/776/1559 642/783/1560 664/774/1561 663/764/1562
s 43
f 644/707/1498 643/711/1497 652/712/1563 651/708/1564
s 46
f 646/766/1526 645/761/1525 654/760/1565 653/767/1566
s 45
f 648/747/1516 647/746/1515 656/745/1567 655/748/1568
s 44
f 650/731/1507 649/724/1506 657/723/1569 658/732/1570
s 43
f 651/708/1564 652/712/1563 665/719/1532 666/713/1531
s 46
f 653/767/1566 654/760/1565 663/764/1562 664/774/1561
s 45
f 655/825/1568 656/780/1567 661/835/1544 662/824/1543
s 44
f 658/836/1570 657/771/1569 659/770/1556 660/832/1555
s 43
f 597/821/1493 598/735/1490 599/830/1489
f 600/736/1491 601/834/1496 602/800/1492
s 44
f 603/755/1500 604/757/1499 605/742/1503
s 45
f 608/754/1509 609/756/1508 610/752/1512
s 46
f 613/820/1518 614/827/1517 615/784/1521
f 616/799/1522 617/833/1524 618/785/1523
g default
v -25.493989 2.718925 0.170336
v -23.381438 2.718925 0.170336
v -25.200498 2.953571 0.170336
v -23.381438 2.953571 0.170336
v -25.200498 2.953571 -0.064311
v -23.381438 2.953571 -0.064311
v -25.493989 2.718925 -0.064311
v -23.381438 2.718925 -0.064311
v -22.897872 2.993292 -0.064311
v -22.897872 2.993292 0.170336
v -22.897872 3.187210 -0.064311
v -22.897872 3.187210 0.170336
v -21.377455 2.993292 -0.064311
v -21.377455 2.993292 0.170336
v -21.377456 3.187210 -0.064311
v -21.377456 3.187210 0.170336
v -23.138701 2.856650 0.170336
v -23.138701 3.070852 0.170336
v -23.138701 3.070852 -0.064311
v -23.138701 2.856650 -0.064311
v -22.661259 2.439601 -0.064311
v -22.661259 2.439601 0.170336
v -22.647294 2.656862 -0.064311
v -22.647294 2.656862 0.170336
v -21.713152 2.456735 -0.064311
v -21.713152 2.456735 0.170336
v -21.776950 2.643315 -0.064311
v -21.776950 2.643315 0.170336
v -21.896619 2.993292 0.170336
v -21.896619 3.187210 0.170336
v -21.896619 3.187210 -0.064311
v -21.896619 2.993292 -0.064311
v -24.956336 2.143139 -0.064311
v -24.956336 2.143139 0.170336
v -25.251778 2.136623 -0.064311
v -25.251778 2.136623 0.170336
v -24.840785 2.449855 -0.064311
v -24.840785 2.449855 0.170336
v -25.258673 2.452283 -0.064311
v -25.258673 2.452283 0.170336
v -24.537759 2.718925 -0.064311
v -24.537759 2.718925 0.170336
v -25.257581 2.718925 -0.064311
v -25.257581 2.718925 0.170336
v -25.258673 2.566241 0.170336
v -25.258673 2.566241 -0.064311
v -24.714165 2.563812 -0.064311
v -24.714165 2.563812 0.170336
v -25.508786 2.566241 0.170336
v -25.508786 2.566241 -0.064311
v -25.046771 2.953571 0.170336
v -25.046771 2.953571 -0.064311
v -24.407830 2.953571 0.170336
v -24.407830 2.953571 -0.064311
v -21.193989 2.456735 0.170336
v -21.193989 2.456735 -0.064311
v -21.257788 2.643315 0.170336
v -21.257788 2.643315 -0.064311
v -21.592484 2.267807 -0.042801
v -21.592484 2.267807 0.148827
v -21.434055 1.422204 -0.042801
v -21.434055 1.422204 0.148827
v -21.168499 2.267807 -0.042801
v -21.010073 1.422204 -0.042801
v -21.168499 2.267807 0.148827
v -21.010073 1.422204 0.148827
v -21.642199 2.440264 0.148827
v -21.218216 2.440264 0.148827
v -21.218216 2.440264 -0.042801
v -21.642199 2.440264 -0.042801
v -21.446169 1.413968 -0.053557
v -21.459089 1.387559 -0.064311
v -21.458283 1.405733 -0.046140
v -20.964140 1.411541 -0.056726
v -20.939926 1.387581 -0.046140
v -20.958115 1.387563 -0.064311
v -20.964140 1.411541 0.162751
v -20.958115 1.387563 0.170336
v -20.939926 1.387581 0.152166
v -21.446169 1.413968 0.159582
v -21.458283 1.405733 0.152166
v -21.459089 1.387559 0.170336
v -20.948523 1.194156 -0.046140
v -20.967499 1.176004 -0.046140
v -20.966709 1.194174 -0.064311
v -21.467684 1.194178 -0.064311
v -21.468491 1.176004 -0.046140
v -20.966709 1.194174 0.170336
v -20.967499 1.176004 0.152166
v -20.948523 1.194156 0.152166
v -21.468491 1.176004 0.152166
v -21.467684 1.194178 0.170336
v -22.739498 1.398062 -0.046140
v -22.740305 1.379877 -0.064311
v -22.740305 1.379877 0.170336
v -22.739498 1.398062 0.152166
v -22.748900 1.186518 -0.064311
v -22.749706 1.168333 -0.046140
v -22.749706 1.168333 0.152166
v -22.748900 1.186518 0.170336
v -24.179646 1.690477 -0.046140
v -24.180474 1.671849 -0.064311
v -24.180474 1.671849 0.170336
v -24.179646 1.690477 0.152166
v -24.189022 1.479462 -0.064311
v -24.189854 1.460749 -0.046140
v -24.189854 1.460749 0.152166
v -24.189022 1.479462 0.170336
v -24.919650 2.003336 -0.046140
v -24.954710 2.002563 -0.064311
v -24.954710 2.002563 0.170336
v -24.919650 2.003336 0.152166
v -25.466336 1.991280 -0.064311
v -25.505929 1.990407 -0.046140
v -25.505929 1.990407 0.152166
v -25.466336 1.991280 0.170336
v -24.936852 2.128896 -0.064311
v -24.922181 2.118174 -0.046140
v -24.940346 2.117774 -0.064311
v -24.936852 2.128896 0.170336
v -24.940346 2.117774 0.170336
v -24.922181 2.118174 0.152166
v -25.490424 2.107450 -0.064311
v -25.490296 2.105646 -0.064311
v -25.508460 2.105246 -0.046140
v -25.490424 2.107450 0.170336
v -25.508460 2.105246 0.152166
v -25.490296 2.105646 0.170336
vt 0.550225 0.723707
vt 0.564326 0.723707
vt 0.576900 0.739574
vt 0.567731 0.739574
vt 0.567731 0.739674
vt 0.576900 0.739674
vt 0.564326 0.723806
vt 0.550225 0.723806
vt 0.795757 0.742260
vt 0.795757 0.742360
vt 0.795757 0.755473
vt 0.795757 0.755374
vt 0.676229 0.723707
vt 0.676229 0.723806
vt 0.690707 0.733120
vt 0.690707 0.733020
vt 0.676229 0.739674
vt 0.690707 0.747605
vt 0.676229 0.739574
vt 0.690707 0.747505
vt 0.705071 0.742260
vt 0.705071 0.742360
vt 0.764791 0.742360
vt 0.764791 0.742260
vt 0.705071 0.755473
vt 0.764791 0.755473
vt 0.705071 0.755374
vt 0.764791 0.755374
vt 0.775734 0.705976
vt 0.775734 0.706076
vt 0.771929 0.718693
vt 0.771929 0.718593
vt 0.719184 0.704917
vt 0.719184 0.704817
vt 0.720017 0.719609
vt 0.720017 0.719510
vt 0.802894 0.718693
vt 0.802894 0.718593
vt 0.782931 0.693209
vt 0.782931 0.693290
vt 0.792381 0.636107
vt 0.792381 0.636026
vt 0.808220 0.693290
vt 0.817669 0.636107
vt 0.808220 0.693209
vt 0.817669 0.636026
vt 0.607260 0.723707
vt 0.607260 0.723806
vt 0.714517 0.634392
vt 0.790936 0.634911
vt 0.790936 0.634995
vt 0.714517 0.634476
vt 0.714469 0.633254
vt 0.790887 0.633774
vt 0.790375 0.620696
vt 0.713957 0.620178
vt 0.713908 0.618941
vt 0.790327 0.619460
vt 0.790327 0.619376
vt 0.713908 0.618857
vt 0.713957 0.620079
vt 0.790375 0.620597
vt 0.790887 0.633674
vt 0.714469 0.633155
vt 0.628620 0.654166
vt 0.628620 0.654250
vt 0.628570 0.652998
vt 0.628060 0.639989
vt 0.628011 0.638715
vt 0.628011 0.638631
vt 0.628060 0.639889
vt 0.628570 0.652899
vt 0.584482 0.675323
vt 0.584482 0.675407
vt 0.582391 0.675363
vt 0.551875 0.674600
vt 0.549513 0.674533
vt 0.549513 0.674449
vt 0.551875 0.674500
vt 0.582391 0.675263
vt 0.584331 0.683089
vt 0.584331 0.683173
vt 0.583247 0.683154
vt 0.550445 0.682334
vt 0.549362 0.682299
vt 0.549362 0.682215
vt 0.550445 0.682234
vt 0.583247 0.683054
vt 0.582294 0.684770
vt 0.582294 0.684869
vt 0.589186 0.705610
vt 0.589186 0.705511
vt 0.564672 0.684428
vt 0.564261 0.705775
vt 0.564672 0.684329
vt 0.564261 0.705675
vt 0.596738 0.713317
vt 0.596738 0.713217
vt 0.564261 0.713481
vt 0.564261 0.713381
vt 0.549343 0.713481
vt 0.549343 0.713381
vt 0.615009 0.739574
vt 0.615009 0.739674
vt 0.805255 0.704871
vt 0.779966 0.704871
vt 0.805255 0.704953
vt 0.779966 0.704953
vt 0.806699 0.705976
vt 0.806699 0.706076
vt 0.820409 0.635392
vt 0.791658 0.635555
vt 0.820409 0.635299
vt 0.791658 0.635465
vt 0.583456 0.683906
vt 0.550438 0.682456
vt 0.583456 0.683806
vt 0.550438 0.682356
vt 0.820768 0.633774
vt 0.820256 0.620696
vt 0.821853 0.633683
vt 0.821340 0.620603
vt 0.821340 0.620687
vt 0.821853 0.633767
vt 0.820256 0.620597
vt 0.820768 0.633674
vt 0.820208 0.619460
vt 0.820208 0.619376
vn 0.000000 0.000000 1.000000
vn 0.000000 0.000000 1.000000
vn 0.000000 0.000000 1.000000
vn 0.000000 0.000000 1.000000
vn 0.000000 0.000000 -1.000000
vn 0.000000 0.000000 -1.000000
vn 0.000000 0.000000 -1.000000
vn 0.000000 0.000000 -1.000000
vn 0.000000 -1.000000 0.000000
vn 0.000000 -1.000000 0.000000
vn 0.000000 -1.000000 0.000000
vn 0.000000 -1.000000 0.000000
vn 0.985709 0.168457 0.000000
vn 0.985709 0.168457 0.000000
vn 1.000000 0.000001 0.000000
vn 1.000000 0.000001 0.000000
vn -0.624457 0.781059 0.000000
vn -0.624457 0.781059 0.000000
vn -0.624457 0.781059 0.000000
vn -0.624457 0.781059 0.000000
vn 0.093293 -0.995639 0.000000
vn 0.093293 -0.995639 0.000000
vn 0.493487 -0.869753 0.000000
vn 0.493487 -0.869753 0.000000
vn 0.000000 0.000000 -1.000000
vn 0.000000 0.000000 -1.000000
vn 0.000000 0.000000 -1.000000
vn 0.000000 0.000000 -1.000000
vn 0.000000 0.000000 1.000000
vn 0.000000 0.000000 1.000000
vn 0.000000 0.000000 1.000000
vn 0.000000 0.000000 1.000000
vn 0.000000 -1.000000 0.000000
vn 0.000000 -1.000000 0.000000
vn 0.000000 -1.000000 0.000000
vn 0.000000 -1.000000 0.000000
vn -0.000000 0.000000 -1.000000
vn -0.000000 0.000000 -1.000000
vn -0.000000 0.000000 -1.000000
vn -0.000000 0.000000 -1.000000
vn 0.000000 0.000000 1.000000
vn 0.000000 0.000000 1.000000
vn 0.000000 0.000000 1.000000
vn 0.000000 0.000000 1.000000
vn 0.000000 0.000000 1.000000
vn 0.000000 0.000000 1.000000
vn 0.000000 0.000000 -1.000000
vn 0.000000 0.000000 -1.000000
vn 0.946215 0.323540 0.000000
vn 0.946215 0.323540 0.000000
vn 0.946215 0.323540 0.000000
vn 0.946215 0.323540 0.000000
vn -0.657868 -0.753133 0.000000
vn -0.657868 -0.753133 0.000000
vn -0.657868 -0.753133 0.000000
vn -0.657868 -0.753133 0.000000
vn -0.000000 0.000000 -1.000000
vn -0.000000 0.000000 -1.000000
vn 0.801991 0.597336 0.000000
vn 0.801991 0.597336 0.000000
vn 0.801991 0.597336 0.000000
vn 0.801991 0.597336 0.000000
vn 0.000000 0.000000 1.000000
vn 0.000000 0.000000 1.000000
vn 0.018069 -0.999837 0.000000
vn 0.018069 -0.999837 0.000000
vn 0.018069 -0.999837 0.000000
vn 0.018069 -0.999837 0.000000
vn -0.000000 0.000000 -1.000000
vn -0.000000 0.000000 -1.000000
vn 0.015564 0.999879 0.000000
vn 0.015564 0.999879 0.000000
vn 0.015564 0.999879 0.000000
vn 0.015564 0.999879 0.000000
vn 0.000000 0.000000 1.000000
vn 0.000000 0.000000 1.000000
vn 0.000000 0.000000 1.000000
vn 0.000000 0.000000 1.000000
vn 0.000000 0.000000 1.000000
vn 0.000000 0.000000 1.000000
vn 0.000000 0.000000 -1.000000
vn 0.000000 0.000000 -1.000000
vn 0.000000 0.000000 -1.000000
vn 0.000000 0.000000 -1.000000
vn -0.946214 -0.323543 0.000000
vn -0.946214 -0.323543 0.000000
vn -0.946214 -0.323543 0.000000
vn -0.946214 -0.323543 0.000000
vn 0.000000 0.000000 -1.000000
vn 0.000000 0.000000 -1.000000
vn 0.946215 0.323538 0.000000
vn 0.946215 0.323538 0.000000
vn 0.000000 0.000000 1.000000
vn 0.000000 0.000000 1.000000
vn -0.972869 -0.231355 0.000000
vn -0.972869 -0.231355 0.000000
vn -0.982898 -0.184152 0.000000
vn -0.982898 -0.184152 0.000000
vn 0.000000 0.000000 -1.000000
vn 0.000000 0.000000 -1.000000
vn 0.000000 0.000000 -1.000000
vn 0.000000 0.000000 -1.000000
vn 0.972868 0.231360 0.000000
vn 0.972868 0.231360 0.000000
vn 0.982898 0.184149 0.000000
vn 0.982898 0.184149 0.000000
vn 0.000000 -0.000000 1.000000
vn 0.000000 -0.000000 1.000000
vn 0.000000 -0.000000 1.000000
vn 0.000000 -0.000000 1.000000
vn 0.000000 1.000000 0.000000
vn 0.000000 1.000000 0.000000
vn 0.000000 1.000000 0.000000
vn 0.000000 1.000000 0.000000
vn -0.005987 0.999982 0.000000
vn -0.005987 0.999982 0.000000
vn -0.005987 0.999982 0.000000
vn -0.005987 0.999982 0.000000
vn 0.000000 0.000000 -1.000000
vn -0.000738 0.115639 -0.993291
vn 0.000000 0.000000 -1.000000
vn 0.000000 0.000000 -1.000000
vn 0.005987 -0.999982 0.000000
vn 0.002992 -0.999996 0.000000
vn 0.002992 -0.999996 0.000000
vn 0.005987 -0.999982 0.000000
vn 0.000000 0.000000 1.000000
vn 0.000000 0.000000 1.000000
vn -0.000738 0.115638 0.993291
vn 0.000000 0.000000 1.000000
vn 0.269065 0.963122 0.000000
vn 0.198985 0.980003 0.000000
vn 0.198985 0.980003 0.000000
vn 0.269065 0.963122 0.000000
vn 0.000000 0.000000 -1.000000
vn 0.000000 0.000000 -1.000000
vn 0.000000 0.000000 -1.000000
vn 0.000000 0.000000 -1.000000
vn -0.264610 -0.964356 0.000000
vn -0.198986 -0.980002 0.000000
vn -0.198986 -0.980002 0.000000
vn -0.264610 -0.964356 0.000000
vn 0.000000 0.000000 1.000000
vn 0.000000 0.000000 1.000000
vn 0.000000 0.000000 1.000000
vn 0.000000 0.000000 1.000000
vn 0.389408 0.921065 0.000000
vn 0.389408 0.921065 0.000000
vn 0.000000 0.000000 -1.000000
vn 0.000000 0.000000 -1.000000
vn -0.373351 -0.927690 0.000000
vn -0.373351 -0.927690 0.000000
vn 0.000000 0.000000 1.000000
vn 0.000000 0.000000 1.000000
vn 0.999757 0.022035 0.000000
vn 0.999757 0.022035 0.000000
vn 0.999757 0.022035 0.000000
vn 0.999757 0.022035 0.000000
vn -0.000000 0.000000 -1.000000
vn -0.000000 0.000000 -1.000000
vn -0.999757 -0.022035 0.000000
vn -0.999757 -0.022035 0.000000
vn -0.999757 -0.022035 0.000000
vn -0.999757 -0.022035 0.000000
vn 0.000000 0.000000 1.000000
vn 0.000000 0.000000 1.000000
vn 0.935794 -0.352547 0.000000
vn 0.935794 -0.352547 0.000000
vn 0.802835 -0.596201 0.000000
vn 0.802835 -0.596201 0.000000
vn -0.000000 0.000000 -1.000000
vn -0.000000 0.000000 -1.000000
vn 0.000000 0.000000 -1.000000
vn 0.000000 0.000000 -1.000000
vn -0.999761 -0.021839 0.000000
vn -0.999761 -0.021839 0.000000
vn -0.999940 -0.010922 0.000000
vn -0.999940 -0.010922 0.000000
vn 0.000000 0.000000 1.000000
vn 0.000000 0.000000 1.000000
vn 0.000000 0.000000 1.000000
vn 0.000000 0.000000 1.000000
vn 0.668965 -0.743294 0.000000
vn 0.668965 -0.743294 0.000000
vn 0.000000 0.000000 -1.000000
vn 0.000000 0.000000 -1.000000
vn -1.000000 -0.000001 0.000000
vn -1.000000 -0.000001 0.000000
vn 0.000000 0.000000 1.000000
vn 0.000000 0.000000 1.000000
vn -0.995337 0.096462 0.000000
vn -0.995337 0.096462 0.000000
vn -0.995337 0.096462 0.000000
vn -0.995337 0.096462 0.000000
vn 0.000000 0.000000 -1.000000
vn 0.000000 0.000000 -1.000000
vn 0.000000 0.000000 -1.000000
vn 0.000000 0.000000 -1.000000
vn 0.660326 -0.750979 0.000000
vn 0.660326 -0.750979 0.000000
vn 0.660326 -0.750979 0.000000
vn 0.660326 -0.750979 0.000000
vn 0.000000 0.000000 1.000000
vn 0.000000 0.000000 1.000000
vn 0.000000 0.000000 1.000000
vn 0.000000 0.000000 1.000000
vn 0.000001 -1.000000 0.000000
vn 0.000001 -1.000000 0.000000
vn 0.000001 -1.000000 0.000000
vn 0.000001 -1.000000 0.000000
vn 0.000000 0.000000 1.000000
vn 0.000000 0.000000 1.000000
vn 0.000000 1.000000 0.000000
vn 0.000000 1.000000 0.000000
vn 0.000000 1.000000 0.000000
vn 0.000000 1.000000 0.000000
vn 0.000000 0.000000 -1.000000
vn 0.000000 0.000000 -1.000000
vn 0.000000 0.000000 1.000000
vn 0.000000 0.000000 1.000000
vn 0.000000 0.000000 1.000000
vn 0.000000 0.000000 1.000000
vn 0.000000 0.000000 -1.000000
vn 0.000000 0.000000 -1.000000
vn 0.000000 0.000000 -1.000000
vn 0.000000 0.000000 -1.000000
vn 0.000000 -1.000000 0.000000
vn 0.000000 -1.000000 0.000000
vn 0.000000 -1.000000 0.000000
vn 0.000000 -1.000000 0.000000
vn 0.000000 0.000000 1.000000
vn 0.000000 0.000000 1.000000
vn -0.000000 0.000000 -1.000000
vn -0.000000 0.000000 -1.000000
vn 0.000000 -1.000000 0.000000
vn 0.000000 -1.000000 0.000000
vn 0.000000 0.000000 1.000000
vn 0.000000 0.000000 1.000000
vn 0.960868 0.277006 0.000000
vn 0.960868 0.277006 0.000000
vn 0.000000 0.000000 -1.000000
vn 0.000000 0.000000 -1.000000
vn -0.960871 -0.276995 0.000000
vn -0.960871 -0.276995 0.000000
vn 0.000000 0.000000 1.000000
vn 0.000000 0.000000 1.000000
vn 0.000000 0.000000 1.000000
vn 0.000000 0.000000 1.000000
vn 0.946212 0.323547 0.000000
vn 0.946212 0.323547 0.000000
vn 0.946212 0.323547 0.000000
vn 0.946212 0.323547 0.000000
vn 0.000000 0.000000 -1.000000
vn 0.000000 0.000000 -1.000000
vn 0.000000 0.000000 -1.000000
vn 0.000000 0.000000 -1.000000
vn -0.946215 -0.323540 0.000000
vn -0.946215 -0.323540 0.000000
vn -0.946215 -0.323540 0.000000
vn -0.946215 -0.323540 0.000000
vn -0.000000 0.793948 -0.607985
vn -0.000000 0.793948 -0.607985
vn -0.000000 0.793948 -0.607985
vn -0.000000 0.793948 -0.607985
vn 0.226126 0.974098 0.000000
vn 0.226126 0.974098 0.000000
vn 0.226126 0.974098 0.000000
vn 0.226126 0.974098 0.000000
vn -0.000000 0.793945 0.607989
vn -0.000000 0.793945 0.607989
vn -0.000000 0.793945 0.607989
vn -0.000000 0.793945 0.607989
vn 0.000000 -0.793945 0.607989
vn 0.000000 -0.793945 0.607989
vn 0.000000 -0.793945 0.607989
vn 0.000000 -0.793945 0.607989
vn 0.562245 -0.826971 0.000000
vn 0.562245 -0.826971 0.000000
vn 0.562245 -0.826971 0.000000
vn 0.562245 -0.826971 0.000000
vn 0.000000 -0.793946 -0.607989
vn 0.000000 -0.793946 -0.607989
vn 0.000000 -0.793946 -0.607989
vn 0.000000 -0.793946 -0.607989
vn -0.226130 -0.974097 0.000000
vn -0.226130 -0.974097 0.000000
vn -0.226130 -0.974097 0.000000
vn -0.226130 -0.974097 0.000000
vn -0.562236 0.826977 0.000000
vn -0.562236 0.826977 0.000000
vn -0.562236 0.826977 0.000000
vn -0.562236 0.826977 0.000000
vn -0.562236 0.826977 0.000000
vn -0.562236 0.826977 0.000000
vn -0.000000 0.000000 -1.000000
vn -0.000000 0.000000 -1.000000
vn 0.590095 0.807334 0.000000
vn 0.590095 0.807334 0.000000
vn 0.590095 0.807334 0.000000
vn 0.590095 0.807334 0.000000
vn 0.590095 0.807334 0.000000
vn 0.590095 0.807334 0.000000
vn -0.121340 0.992611 0.000000
vn -0.121340 0.992611 0.000000
vn -0.121340 0.992611 0.000000
vn -0.121340 0.992611 0.000000
vn -0.121340 0.992611 0.000000
vn -0.121340 0.992611 0.000000
vn 0.000000 0.000000 1.000000
vn 0.000000 0.000000 1.000000
vn -0.001109 0.173763 -0.984787
vn 0.000000 0.000000 -1.000000
vn 0.999014 -0.044399 0.000000
vn 0.999014 -0.044399 0.000000
vn 0.999014 -0.044399 0.000000
vn 0.999014 -0.044399 0.000000
vn 0.000000 0.000000 1.000000
vn -0.001109 0.173763 0.984787
vn 0.000000 -1.000000 0.000000
vn 0.000000 -1.000000 0.000000
vn -0.002185 0.342269 -0.939600
vn -0.002185 0.342269 -0.939600
vn -0.004236 0.707016 -0.707185
vn -0.004236 0.707016 -0.707185
vn 0.052084 0.703108 -0.709173
vn 0.052084 0.703108 -0.709173
vn 0.703379 0.710815 0.000000
vn 0.703379 0.710815 0.000000
vn 0.703379 0.710815 0.000000
vn 0.703379 0.710815 0.000000
vn 0.694894 0.181725 -0.695772
vn 0.694894 0.181725 -0.695772
vn 0.706421 -0.031395 -0.707095
vn 0.706421 -0.031395 -0.707095
vn -0.002185 0.342269 0.939600
vn -0.002185 0.342269 0.939600
vn 0.694893 0.181722 0.695773
vn 0.694893 0.181722 0.695773
vn 0.706421 -0.031395 0.707096
vn 0.706421 -0.031395 0.707096
vn -0.004236 0.707015 0.707186
vn -0.004236 0.707015 0.707186
vn 0.052084 0.703108 0.709173
vn 0.052084 0.703108 0.709173
vn 0.691247 -0.722619 0.000000
vn 0.691247 -0.722619 0.000000
vn 0.691247 -0.722619 0.000000
vn 0.691247 -0.722619 0.000000
vn -0.000003 -0.707069 -0.707145
vn -0.000003 -0.707069 -0.707145
vn 0.002113 -0.707044 -0.707167
vn 0.002113 -0.707044 -0.707167
vn -0.052105 -0.702789 -0.709488
vn -0.052105 -0.702789 -0.709488
vn -0.000003 -0.707069 0.707145
vn -0.000003 -0.707069 0.707145
vn 0.002113 -0.707043 0.707167
vn 0.002113 -0.707043 0.707167
vn -0.052105 -0.702788 0.709488
vn -0.052105 -0.702788 0.709488
vn 0.197143 0.694234 -0.692224
vn 0.197143 0.694234 -0.692224
vn 0.197143 0.694233 0.692224
vn 0.197143 0.694233 0.692224
vn -0.191897 -0.690542 -0.697372
vn -0.191897 -0.690542 -0.697372
vn -0.191897 -0.690541 0.697372
vn -0.191897 -0.690541 0.697372
vn 0.293988 0.691716 -0.659621
vn 0.293988 0.691716 -0.659621
vn 0.293988 0.691716 0.659621
vn 0.293988 0.691716 0.659621
vn -0.274981 -0.684732 -0.674928
vn -0.274981 -0.684732 -0.674928
vn -0.274980 -0.684731 0.674929
vn -0.274980 -0.684731 0.674929
vn 0.564059 -0.029014 -0.825225
vn 0.564059 -0.029014 -0.825225
vn 0.627530 -0.114988 -0.770055
vn 0.627530 -0.114988 -0.770055
vn 0.564059 -0.029014 0.825225
vn 0.564059 -0.029014 0.825225
vn 0.627528 -0.114991 0.770055
vn 0.627528 -0.114991 0.770055
vn -0.530580 -0.061324 -0.845413
vn -0.530580 -0.061324 -0.845413
vn -0.609950 -0.056781 -0.790403
vn -0.609950 -0.056781 -0.790403
vn -0.530580 -0.061324 0.845414
vn -0.530580 -0.061324 0.845414
vn -0.609952 -0.056781 0.790401
vn -0.609952 -0.056781 0.790401
vn -0.674902 0.536499 -0.506633
vn -0.674902 0.536499 -0.506633
vn -0.674902 0.536499 -0.506633
vn 0.655700 0.372508 -0.656731
vn 0.655699 0.372503 0.656734
vn -0.674903 0.536494 0.506636
vn -0.674903 0.536494 0.506636
vn -0.674903 0.536494 0.506636
vn 0.568258 -0.594057 -0.569367
vn 0.568258 -0.594057 -0.569367
vn 0.568258 -0.594057 -0.569367
vn 0.568258 -0.594058 0.569367
vn 0.568258 -0.594058 0.569367
vn 0.568258 -0.594058 0.569367
vn 0.692643 -0.217594 -0.687676
vn 0.692641 -0.217600 0.687677
vn -0.705780 -0.049986 -0.706665
vn -0.705787 -0.049986 0.706658
s off
g mg pCube8
usemtl blinn7SG
f 667/838/1571 710/839/1572 717/840/1573 669/841/1574
f 671/842/1575 718/843/1576 709/844/1577 673/845/1578
f 673/845/1579 709/844/1580 710/839/1581 667/838/1582
s 4
f 680/846/1583 679/847/1584 681/848/1585 682/849/1586
s off
f 673/845/1587 667/838/1588 669/841/1589 671/842/1590
s 6
f 668/850/1591 674/851/1592 686/852/1593 683/853/1594
s 7
f 674/851/1595 672/854/1596 685/855/1597 686/852/1598
s 8
f 670/856/1599 668/850/1600 683/853/1601 684/857/1602
s off
f 676/858/1603 675/859/1604 698/860/1605 695/861/1606
s 10
f 675/859/1607 677/862/1608 697/863/1609 698/860/1610
s 11
f 678/864/1611 676/858/1612 695/861/1613 696/865/1614
f 684/857/1615 683/853/1616 676/858/1612 678/864/1611
s 10
f 686/852/1617 685/855/1618 677/862/1608 675/859/1607
s off
f 692/866/1619 691/867/1620 693/868/1621 694/869/1622
f 683/853/1623 686/852/1624 687/870/1625 688/871/1626
s 10
f 686/852/1617 675/859/1607 689/872/1627 687/870/1628
s off
f 675/859/1629 676/858/1630 690/873/1631 689/872/1632
s 11
f 676/858/1612 683/853/1616 688/871/1633 690/873/1634
s off
f 688/871/1635 687/870/1636 691/867/1637 692/866/1638
s 10
f 687/870/1628 689/872/1627 693/868/1639 691/867/1640
s off
f 689/872/1641 690/873/1642 694/869/1643 693/868/1644
s 11
f 690/873/1634 688/871/1633 692/866/1645 694/869/1646
s 17
f 696/865/1647 695/861/1648 680/846/1649 682/849/1650
s 18
f 698/860/1651 697/863/1652 681/848/1653 679/847/1654
s off
f 695/861/1655 698/860/1656 693/868/1657 694/869/1658
s 18
f 698/860/1651 679/847/1654 724/874/1659 693/868/1660
s 4
f 679/847/1584 680/846/1583 723/875/1661 724/874/1662
s 17
f 680/846/1649 695/861/1648 694/869/1663 723/875/1664
s 20
f 726/876/1665 725/877/1666 727/878/1667 728/879/1668
s 21
f 725/877/1669 729/880/1670 730/881/1671 727/878/1672
s 22
f 729/880/1673 731/882/1674 732/883/1675 730/881/1676
s 23
f 731/882/1677 726/876/1678 728/879/1679 732/883/1680
s off
f 708/884/1681 707/885/1682 709/844/1683 710/839/1684
f 762/886/1685 747/887/1686 739/888/1687 759/889/1688
s 26
f 760/890/1689 738/891/1690 752/892/1691 763/893/1692
s 27
f 764/894/1693 753/895/1694 757/896/1695 765/897/1696
s 28
f 766/898/1697 758/899/1698 748/900/1699 761/901/1700
s 29
f 770/902/1701 762/886/1702 759/889/1703 767/903/1704
s 30
f 768/904/1705 760/890/1706 763/893/1707 771/905/1708
s 31
f 772/906/1709 764/894/1710 765/897/1711 773/907/1712
s 32
f 774/908/1713 766/898/1714 761/901/1715 769/909/1716
s 29
f 778/910/1717 770/902/1701 767/903/1704 775/911/1718
s 30
f 776/912/1719 768/904/1705 771/905/1708 779/913/1720
s 31
f 780/914/1721 772/906/1709 773/907/1712 781/915/1722
s 32
f 782/916/1723 774/908/1713 769/909/1716 777/917/1724
s off
f 788/918/1725 778/910/1726 775/911/1727 784/919/1728
s 30
f 785/920/1729 776/912/1719 779/913/1720 790/921/1730
s off
f 791/922/1731 780/914/1732 781/915/1733 793/923/1734
s 32
f 794/924/1735 782/916/1723 777/917/1724 787/925/1736
s 35
f 700/926/1737 699/927/1738 703/928/1739 704/929/1740
s 30
f 699/927/1741 701/930/1742 705/931/1743 703/928/1744
s 36
f 701/930/1745 702/932/1746 706/933/1747 705/931/1748
s 32
f 702/932/1749 700/926/1750 704/929/1751 706/933/1752
s 35
f 704/929/1740 703/928/1739 713/934/1753 714/935/1754
s 30
f 703/928/1744 705/931/1743 712/936/1755 713/934/1756
s 36
f 705/931/1748 706/933/1747 711/937/1757 712/936/1758
s 32
f 706/933/1752 704/929/1751 714/935/1759 711/937/1760
s off
f 716/938/1761 715/939/1762 667/838/1763 673/845/1764
s 38
f 713/934/1765 712/936/1766 709/844/1767 707/885/1768
s off
f 714/935/1769 713/934/1770 707/885/1771 708/884/1772
s 40
f 711/937/1773 714/935/1774 708/884/1775 710/839/1776
s off
f 712/936/1777 711/937/1778 715/939/1779 716/938/1780
s 40
f 711/937/1773 710/839/1776 667/838/1781 715/939/1782
s off
f 710/839/1783 709/844/1784 673/845/1785 667/838/1786
s 38
f 709/844/1767 712/936/1766 716/938/1787 673/845/1788
s off
f 710/839/1789 708/884/1790 719/940/1791 717/840/1792
f 709/844/1793 718/843/1794 720/941/1795 707/885/1796
f 710/839/1797 709/844/1798 707/885/1799 708/884/1800
s 8
f 708/884/1801 668/850/1600 670/856/1599 719/940/1802
s 7
f 707/885/1803 720/941/1804 672/854/1596 674/851/1595
s 6
f 708/884/1805 707/885/1806 674/851/1592 668/850/1591
s 23
f 734/942/1807 733/943/1808 726/876/1678 731/882/1677
s 22
f 735/944/1809 734/942/1810 731/882/1674 729/880/1673
s 21
f 736/945/1811 735/944/1812 729/880/1670 725/877/1669
s 20
f 733/943/1813 736/945/1814 725/877/1666 726/876/1665
s off
f 723/875/1815 694/869/1816 692/866/1817 721/946/1818
f 724/874/1819 723/875/1820 721/946/1821 722/947/1822
f 693/868/1823 724/874/1824 722/947/1825 691/867/1826
f 694/869/1827 693/868/1828 691/867/1829 692/866/1830
f 740/948/1831 737/949/1832 727/878/1833 730/881/1834
f 743/950/1835 740/948/1836 730/881/1837 732/883/1838
f 746/951/1839 743/950/1840 732/883/1841 728/879/1842
f 721/946/1843 692/866/1844 733/943/1845 734/942/1846
f 722/947/1847 721/946/1848 734/942/1849 735/944/1850
f 691/867/1851 722/947/1852 735/944/1853 736/945/1854
f 692/866/1855 691/867/1856 736/945/1857 733/943/1858
f 737/949/1859 739/888/1860 747/887/1861 746/951/1862 728/879/1863 727/878/1864
s 30
f 783/952/1865 785/920/1729 790/921/1730 789/953/1866 701/930/1742 699/927/1741
s off
f 786/954/1867 788/918/1868 784/919/1869 783/952/1870 699/927/1871 700/926/1872
f 789/953/1873 791/922/1874 793/923/1875 792/955/1876 702/932/1877 701/930/1878
s 32
f 792/955/1879 794/924/1735 787/925/1736 786/954/1880 700/926/1750 702/932/1749
s 26
f 738/891/1690 742/956/1881 751/957/1882 752/892/1691
s off
f 745/958/1883 756/959/1884 749/960/1885 741/961/1886
s 28
f 758/899/1698 754/962/1887 744/963/1888 748/900/1699
s 27
f 753/895/1694 750/964/1889 755/965/1890 757/896/1695
s 26
f 738/891/1690 737/949/1891 740/948/1892 742/956/1881
s 61
f 739/888/1893 738/891/1894 760/890/1895 759/889/1896
s off
f 741/961/1897 740/948/1898 743/950/1899 745/958/1900
s 63
f 742/956/1901 741/961/1902 749/960/1903 751/957/1904
s 28
f 744/963/1888 743/950/1905 746/951/1906 748/900/1699
s 64
f 745/958/1907 744/963/1908 754/962/1909 756/959/1910
s 65
f 748/900/1911 747/887/1912 762/886/1913 761/901/1914
s off
f 750/964/1915 749/960/1916 756/959/1917 755/965/1918
s 67
f 751/957/1919 750/964/1920 753/895/1921 752/892/1922
f 752/892/1922 753/895/1921 764/894/1923 763/893/1924
s 68
f 755/965/1925 754/962/1926 758/899/1927 757/896/1928
f 757/896/1928 758/899/1927 766/898/1929 765/897/1930
s 61
f 759/889/1896 760/890/1895 768/904/1931 767/903/1932
s 65
f 761/901/1914 762/886/1913 770/902/1933 769/909/1934
s 67
f 763/893/1924 764/894/1923 772/906/1935 771/905/1936
s 68
f 765/897/1930 766/898/1929 774/908/1937 773/907/1938
s 61
f 767/903/1932 768/904/1931 776/912/1939 775/911/1940
s 65
f 769/909/1934 770/902/1933 778/910/1941 777/917/1942
s 67
f 771/905/1936 772/906/1935 780/914/1943 779/913/1944
s 68
f 773/907/1938 774/908/1937 782/916/1945 781/915/1946
s 69
f 775/911/1947 776/912/1948 785/920/1949 784/919/1950
s 70
f 777/917/1951 778/910/1952 788/918/1953 787/925/1954
s 71
f 779/913/1955 780/914/1956 791/922/1957 790/921/1958
s 72
f 781/915/1959 782/916/1960 794/924/1961 793/923/1962
s off
f 737/949/1963 738/891/1964 739/888/1965
s 63
f 740/948/1966 741/961/1902 742/956/1901
s 64
f 743/950/1967 744/963/1908 745/958/1907
s off
f 746/951/1968 747/887/1969 748/900/1970
f 749/960/1971 750/964/1972 751/957/1973
f 754/962/1974 755/965/1975 756/959/1976
s 69
f 783/952/1977 784/919/1950 785/920/1949
s 70
f 786/954/1978 787/925/1954 788/918/1953
s 71
f 789/953/1979 790/921/1958 791/922/1957
s 72
f 792/955/1980 793/923/1962 794/924/1961
g default
v -29.456107 3.560615 0.053013
v -29.456107 3.555232 0.019031
v -29.456107 3.539613 -0.011625
v -29.456107 3.515284 -0.035953
v -29.456107 3.484629 -0.051573
v -29.456107 3.450646 -0.056955
v -29.456107 3.416664 -0.051573
v -29.456107 3.386009 -0.035953
v -29.456107 3.361680 -0.011625
v -29.456107 3.346061 0.019031
v -29.456107 3.340678 0.053013
v -29.456107 3.346061 0.086995
v -29.456107 3.361680 0.117650
v -29.456107 3.386009 0.141979
v -29.456107 3.416664 0.157598
v -29.456107 3.450646 0.162981
v -29.456107 3.484629 0.157598
v -29.456107 3.515284 0.141979
v -29.456107 3.539613 0.117650
v -29.456107 3.555232 0.086995
v -29.676041 3.560615 0.053013
v -29.676041 3.555232 0.019031
v -29.676041 3.539613 -0.011625
v -29.676041 3.515284 -0.035953
v -29.676041 3.484629 -0.051573
v -29.676041 3.450646 -0.056955
v -29.676041 3.416664 -0.051573
v -29.676041 3.386009 -0.035953
v -29.676041 3.361680 -0.011625
v -29.676041 3.346061 0.019031
v -29.676041 3.340678 0.053013
v -29.676041 3.346061 0.086995
v -29.676041 3.361680 0.117650
v -29.676041 3.386009 0.141979
v -29.676041 3.416664 0.157598
v -29.676041 3.450646 0.162981
v -29.676041 3.484629 0.157598
v -29.676041 3.515284 0.141979
v -29.676041 3.539613 0.117650
v -29.676041 3.555232 0.086995
v -29.676041 3.670582 0.053013
v -29.676041 3.659818 -0.014951
v -29.676041 3.628578 -0.076262
v -29.676041 3.579922 -0.124919
v -29.676041 3.518611 -0.156159
v -29.676041 3.450646 -0.166923
v -29.676041 3.382682 -0.156159
v -29.676041 3.321371 -0.124919
v -29.676041 3.272715 -0.076262
v -29.676041 3.241475 -0.014951
v -29.676041 3.230711 0.053013
v -29.676041 3.241475 0.120977
v -29.676041 3.272715 0.182288
v -29.676041 3.321371 0.230944
v -29.676041 3.382682 0.262184
v -29.676041 3.450646 0.272949
v -29.676041 3.518611 0.262184
v -29.676041 3.579922 0.230945
v -29.676041 3.628579 0.182288
v -29.676041 3.659818 0.120977
v -29.456107 3.670582 0.053013
v -29.456107 3.659818 -0.014951
v -29.456107 3.628578 -0.076262
v -29.456107 3.579922 -0.124919
v -29.456107 3.518611 -0.156159
v -29.456107 3.450646 -0.166923
v -29.456107 3.382682 -0.156159
v -29.456107 3.321371 -0.124919
v -29.456107 3.272715 -0.076262
v -29.456107 3.241475 -0.014951
v -29.456107 3.230711 0.053013
v -29.456107 3.241475 0.120977
v -29.456107 3.272715 0.182288
v -29.456107 3.321371 0.230944
v -29.456107 3.382682 0.262184
v -29.456107 3.450646 0.272949
v -29.456107 3.518611 0.262184
v -29.456107 3.579922 0.230945
v -29.456107 3.628579 0.182288
v -29.456107 3.659818 0.120977
v -29.676041 3.792780 0.053013
v -29.676041 3.776034 -0.052712
v -29.676041 3.727438 -0.148088
v -29.676041 3.651747 -0.223779
v -29.676041 3.556372 -0.272375
v -29.676041 3.450646 -0.289121
v -29.676041 3.344922 -0.272375
v -29.676041 3.249546 -0.223779
v -29.676041 3.173855 -0.148088
v -29.676041 3.125258 -0.052712
v -29.676041 3.108513 0.053013
v -29.676041 3.125258 0.158738
v -29.676041 3.173855 0.254114
v -29.676041 3.249546 0.329804
v -29.676041 3.344922 0.378401
v -29.676041 3.450646 0.395146
v -29.676041 3.556372 0.378401
v -29.676041 3.651747 0.329804
v -29.676041 3.727438 0.254114
v -29.676041 3.776035 0.158738
v -30.215317 3.692452 0.053013
v -30.215317 3.680621 -0.021709
v -30.215317 3.754224 -0.045625
v -30.215317 3.769844 0.053013
v -30.215319 3.646271 -0.089117
v -30.215319 3.708882 -0.134607
v -30.215319 3.592769 -0.142612
v -30.215319 3.638258 -0.205223
v -30.215319 3.525365 -0.176958
v -30.215319 3.549280 -0.250562
v -30.215319 3.450650 -0.188792
v -30.215319 3.450650 -0.266184
v -30.215319 3.375928 -0.176958
v -30.215319 3.352013 -0.250562
v -30.215319 3.308517 -0.142612
v -30.215319 3.263027 -0.205223
v -30.215317 3.255018 -0.089117
v -30.215317 3.192407 -0.134607
v -30.215317 3.220678 -0.021709
v -30.215317 3.147074 -0.045625
v -30.215319 3.208848 0.053013
v -30.215319 3.131456 0.053013
v -30.215317 3.220674 0.127735
v -30.215317 3.147070 0.151650
v -30.215317 3.255022 0.195142
v -30.215317 3.192411 0.240632
v -30.215319 3.308517 0.248637
v -30.215319 3.263027 0.311248
v -30.215319 3.375917 0.282983
v -30.215319 3.352002 0.356587
v -30.215319 3.450643 0.294818
v -30.215319 3.450643 0.372210
v -30.215317 3.525368 0.282983
v -30.215317 3.549284 0.356587
v -30.215317 3.592776 0.248637
v -30.215317 3.638266 0.311248
v -30.215319 3.646271 0.195142
v -30.215319 3.708882 0.240632
v -30.215319 3.680617 0.127735
v -30.215319 3.754221 0.151650
v -30.985468 3.623938 0.053004
v -30.985466 3.615464 -0.000530
v -30.985466 3.668214 -0.017669
v -30.985468 3.679402 0.053004
v -30.985466 3.590849 -0.048839
v -30.985466 3.635720 -0.081440
v -30.985466 3.552493 -0.087185
v -30.985466 3.585094 -0.132056
v -30.985466 3.504179 -0.111799
v -30.985466 3.521318 -0.164549
v -30.985465 3.504198 0.217825
v -30.985465 3.552499 0.193217
v -30.985465 3.585099 0.238088
v -30.985465 3.521337 0.270574
v -30.985466 3.590837 0.154879
v -30.985466 3.635708 0.187480
v -30.985468 3.615458 0.106554
v -30.985468 3.668207 0.123694
v -30.985466 3.397099 -0.111799
v -30.985468 3.348780 -0.087178
v -30.985468 3.316179 -0.132050
v -30.985466 3.379960 -0.164549
v -30.985466 3.310439 -0.048840
v -30.985466 3.265568 -0.081441
v -30.985465 3.285839 -0.000547
v -30.985465 3.233089 -0.017686
v -30.985466 3.277369 0.053013
v -30.985466 3.221904 0.053013
v -30.985466 3.285846 0.106572
v -30.985466 3.233096 0.123712
v -30.985466 3.310458 0.154866
v -30.985466 3.265587 0.187467
v -30.985466 3.348792 0.193204
v -30.985466 3.316191 0.238075
v -30.985466 3.397091 0.217825
v -30.985466 3.379952 0.270574
vt 0.391015 0.974615
vt 0.391015 0.956198
vt 0.499886 0.956198
vt 0.494158 0.974616
vt 0.494157 0.956198
vt 0.488429 0.974616
vt 0.488428 0.956198
vt 0.482699 0.974616
vt 0.482698 0.956198
vt 0.476970 0.974616
vt 0.476968 0.956199
vt 0.471239 0.974616
vt 0.471238 0.956199
vt 0.465509 0.974616
vt 0.465508 0.956199
vt 0.459778 0.974616
vt 0.459777 0.956199
vt 0.454046 0.974616
vt 0.454046 0.956199
vt 0.448315 0.974616
vt 0.448315 0.956199
vt 0.442584 0.974616
vt 0.442584 0.956199
vt 0.436852 0.974616
vt 0.436853 0.956199
vt 0.431121 0.974616
vt 0.431122 0.956199
vt 0.425391 0.974616
vt 0.425392 0.956199
vt 0.419661 0.974616
vt 0.419662 0.956199
vt 0.413931 0.974616
vt 0.413932 0.956198
vt 0.408201 0.974616
vt 0.408202 0.956198
vt 0.402472 0.974616
vt 0.402473 0.956198
vt 0.396743 0.974615
vt 0.396744 0.956198
vt 0.391015 0.956198
vt 0.494156 0.956198
vt 0.488427 0.956198
vt 0.482697 0.956198
vt 0.476967 0.956199
vt 0.471237 0.956199
vt 0.465506 0.956199
vt 0.459776 0.956199
vt 0.454046 0.956199
vt 0.448315 0.956199
vt 0.442585 0.956199
vt 0.436854 0.956199
vt 0.431124 0.956199
vt 0.425393 0.956199
vt 0.419663 0.956199
vt 0.413933 0.956198
vt 0.408204 0.956198
vt 0.402474 0.956198
vt 0.396744 0.956198
vt 0.391015 0.974615
vt 0.499886 0.974615
vt 0.494157 0.974615
vt 0.488427 0.974615
vt 0.482697 0.974616
vt 0.476967 0.974616
vt 0.471237 0.974616
vt 0.465507 0.974616
vt 0.459776 0.974616
vt 0.454046 0.974616
vt 0.448315 0.974616
vt 0.442584 0.974616
vt 0.436854 0.974616
vt 0.431123 0.974616
vt 0.425393 0.974616
vt 0.419663 0.974616
vt 0.413933 0.974616
vt 0.408203 0.974615
vt 0.402473 0.974615
vt 0.396744 0.974615
vt 0.391014 0.846547
vt 0.499886 0.846547
vt 0.499886 0.846547
vt 0.391014 0.846546
vt 0.494155 0.846547
vt 0.494155 0.846547
vt 0.488422 0.846547
vt 0.488423 0.846547
vt 0.482691 0.846547
vt 0.482692 0.846547
vt 0.482695 0.911039
vt 0.476966 0.911039
vt 0.476965 0.911039
vt 0.482695 0.911039
vt 0.471235 0.911040
vt 0.471235 0.911040
vt 0.471233 0.846547
vt 0.465502 0.846547
vt 0.465503 0.846547
vt 0.471233 0.846547
vt 0.459772 0.846548
vt 0.459773 0.846548
vt 0.454045 0.846548
vt 0.454045 0.846548
vt 0.448315 0.846548
vt 0.448315 0.846548
vt 0.442585 0.846548
vt 0.442585 0.846548
vt 0.436857 0.846548
vt 0.436856 0.846548
vt 0.431127 0.846547
vt 0.431127 0.846548
vt 0.425398 0.846547
vt 0.425397 0.846547
vt 0.425395 0.911040
vt 0.419665 0.911039
vt 0.419665 0.911039
vt 0.425395 0.911040
vt 0.413935 0.911039
vt 0.413935 0.911039
vt 0.413937 0.846547
vt 0.408208 0.846547
vt 0.408207 0.846547
vt 0.413937 0.846547
vt 0.402477 0.846547
vt 0.402477 0.846547
vt 0.396745 0.846547
vt 0.396745 0.846546
vt 0.391015 0.911039
vt 0.391015 0.956198
vt 0.391015 0.911039
vt 0.499885 0.911039
vt 0.494155 0.911039
vt 0.494156 0.956198
vt 0.494155 0.911039
vt 0.488425 0.911039
vt 0.488426 0.956198
vt 0.488425 0.911039
vt 0.482696 0.956198
vt 0.476966 0.956199
vt 0.471236 0.956199
vt 0.465505 0.911040
vt 0.465506 0.956199
vt 0.465505 0.911040
vt 0.459775 0.911040
vt 0.459776 0.956199
vt 0.459775 0.911040
vt 0.454045 0.911040
vt 0.454045 0.956199
vt 0.454045 0.911040
vt 0.448315 0.911040
vt 0.448315 0.956199
vt 0.448315 0.911040
vt 0.442585 0.911040
vt 0.442585 0.956199
vt 0.442585 0.911040
vt 0.436855 0.911040
vt 0.436854 0.956199
vt 0.436855 0.911040
vt 0.431125 0.911040
vt 0.431124 0.956199
vt 0.431125 0.911040
vt 0.425394 0.956199
vt 0.419664 0.956199
vt 0.413934 0.956198
vt 0.408205 0.911039
vt 0.408204 0.956198
vt 0.408205 0.911039
vt 0.402475 0.911039
vt 0.402474 0.956198
vt 0.402475 0.911039
vt 0.396745 0.911039
vt 0.396744 0.956198
vt 0.396745 0.911038
vt 0.505615 0.974615
vt 0.505615 0.956198
vt 0.505615 0.956198
vt 0.505615 0.974615
vt 0.499887 0.974615
vt 0.505615 0.846546
vt 0.499886 0.956198
vt 0.505615 0.911039
vt 0.499886 0.956198
vt 0.505615 0.956198
vt 0.499885 0.911039
vt 0.505614 0.846547
vt 0.505615 0.911039
vn -0.000000 -0.951057 0.309015
vn -0.000000 -1.000000 0.000000
vn -0.000000 -1.000000 0.000000
vn -0.000000 -0.951057 0.309015
vn -0.000000 -0.809019 0.587783
vn -0.000000 -0.809019 0.587783
vn -0.000000 -0.587784 0.809018
vn -0.000000 -0.587784 0.809018
vn -0.000000 -0.309016 0.951057
vn -0.000000 -0.309016 0.951057
vn 0.000000 0.000001 1.000000
vn 0.000000 0.000001 1.000000
vn 0.000000 0.309018 0.951056
vn 0.000000 0.309018 0.951056
vn 0.000000 0.587786 0.809017
vn 0.000000 0.587786 0.809017
vn 0.000000 0.809017 0.587785
vn 0.000000 0.809017 0.587785
vn 0.000000 0.951056 0.309018
vn 0.000000 0.951056 0.309018
vn 0.000000 1.000000 0.000000
vn 0.000000 1.000000 0.000000
vn 0.000000 0.951056 -0.309018
vn 0.000000 0.951056 -0.309018
vn 0.000000 0.809017 -0.587786
vn 0.000000 0.809017 -0.587786
vn 0.000000 0.587786 -0.809017
vn 0.000000 0.587786 -0.809017
vn 0.000000 0.309018 -0.951056
vn 0.000000 0.309018 -0.951056
vn 0.000000 0.000001 -1.000000
vn 0.000000 0.000001 -1.000000
vn -0.000000 -0.309016 -0.951057
vn -0.000000 -0.309016 -0.951057
vn -0.000000 -0.587784 -0.809018
vn -0.000000 -0.587784 -0.809018
vn -0.000000 -0.809019 -0.587783
vn -0.000000 -0.809019 -0.587783
vn -0.000000 -0.951057 -0.309015
vn -0.000000 -0.951057 -0.309015
vn -1.000000 0.000000 -0.000000
vn -1.000000 0.000000 0.000000
vn -1.000000 0.000000 0.000000
vn -1.000000 0.000000 -0.000000
vn -1.000000 0.000000 0.000000
vn -1.000000 0.000000 0.000000
vn -1.000000 0.000000 0.000000
vn -1.000000 0.000000 0.000000
vn -1.000000 0.000000 0.000000
vn -1.000000 0.000000 0.000000
vn -1.000000 0.000000 0.000000
vn -1.000000 0.000000 0.000000
vn -1.000000 0.000000 -0.000000
vn -1.000000 0.000000 -0.000000
vn -1.000000 0.000000 -0.000000
vn -1.000000 0.000000 -0.000000
vn -1.000000 0.000000 -0.000000
vn -1.000000 0.000000 -0.000000
vn -1.000000 0.000000 0.000000
vn -1.000000 0.000000 0.000000
vn -1.000000 0.000000 -0.000000
vn -1.000000 0.000000 -0.000000
vn -1.000000 0.000000 -0.000000
vn -1.000000 0.000000 -0.000000
vn -1.000000 0.000000 0.000000
vn -1.000000 0.000000 0.000000
vn -1.000000 0.000000 -0.000000
vn -1.000000 0.000000 -0.000000
vn -1.000000 0.000000 0.000000
vn -1.000000 0.000000 0.000000
vn -1.000000 0.000000 0.000000
vn -1.000000 0.000000 0.000000
vn -1.000000 0.000000 -0.000000
vn -1.000000 0.000000 -0.000000
vn -1.000000 0.000000 0.000000
vn -1.000000 0.000000 0.000000
vn -1.000000 0.000000 0.000000
vn -1.000000 0.000000 0.000000
vn -1.000000 0.000000 0.000000
vn -1.000000 0.000000 0.000000
vn 0.000000 0.951056 -0.309018
vn 0.000000 1.000000 -0.000000
vn 0.000000 1.000000 -0.000000
vn 0.000000 0.951056 -0.309018
vn 0.000000 0.809017 -0.587786
vn 0.000000 0.809017 -0.587786
vn 0.000000 0.587786 -0.809017
vn 0.000000 0.587786 -0.809017
vn 0.000000 0.309017 -0.951057
vn 0.000000 0.309017 -0.951057
vn -0.000000 -0.000001 -1.000000
vn -0.000000 -0.000001 -1.000000
vn -0.000000 -0.309017 -0.951056
vn -0.000000 -0.309017 -0.951056
vn -0.000000 -0.587785 -0.809017
vn -0.000000 -0.587785 -0.809017
vn -0.000000 -0.809017 -0.587785
vn -0.000000 -0.809017 -0.587785
vn -0.000000 -0.951057 -0.309016
vn -0.000000 -0.951057 -0.309016
vn -0.000000 -1.000000 0.000000
vn -0.000000 -1.000000 0.000000
vn -0.000000 -0.951057 0.309016
vn -0.000000 -0.951057 0.309016
vn -0.000000 -0.809017 0.587786
vn -0.000000 -0.809017 0.587786
vn -0.000000 -0.587785 0.809017
vn -0.000000 -0.587785 0.809017
vn -0.000000 -0.309018 0.951056
vn -0.000000 -0.309018 0.951056
vn -0.000000 -0.000001 1.000000
vn -0.000000 -0.000001 1.000000
vn 0.000000 0.309017 0.951057
vn 0.000000 0.309017 0.951057
vn 0.000000 0.587785 0.809017
vn 0.000000 0.587785 0.809017
vn 0.000000 0.809017 0.587785
vn 0.000000 0.809017 0.587785
vn 0.000000 0.951057 0.309016
vn 0.000000 0.951057 0.309016
vn 1.000000 -0.000000 0.000000
vn 1.000000 -0.000000 -0.000000
vn 1.000000 -0.000000 -0.000000
vn 1.000000 -0.000000 0.000000
vn 1.000000 -0.000000 0.000000
vn 1.000000 -0.000000 0.000000
vn 1.000000 -0.000000 0.000000
vn 1.000000 -0.000000 0.000000
vn 1.000000 -0.000000 0.000000
vn 1.000000 -0.000000 0.000000
vn 1.000000 -0.000000 -0.000000
vn 1.000000 -0.000000 -0.000000
vn 1.000000 -0.000000 -0.000000
vn 1.000000 -0.000000 -0.000000
vn 1.000000 -0.000000 -0.000000
vn 1.000000 -0.000000 -0.000000
vn 1.000000 -0.000000 0.000000
vn 1.000000 -0.000000 0.000000
vn 1.000000 -0.000000 0.000000
vn 1.000000 -0.000000 0.000000
vn 1.000000 -0.000000 0.000000
vn 1.000000 -0.000000 0.000000
vn 1.000000 -0.000000 0.000000
vn 1.000000 -0.000000 0.000000
vn 1.000000 -0.000000 0.000000
vn 1.000000 -0.000000 0.000000
vn 1.000000 -0.000000 0.000000
vn 1.000000 -0.000000 0.000000
vn 1.000000 -0.000000 0.000000
vn 1.000000 -0.000000 0.000000
vn 1.000000 -0.000000 0.000000
vn 1.000000 -0.000000 0.000000
vn 1.000000 -0.000000 -0.000000
vn 1.000000 -0.000000 -0.000000
vn 1.000000 -0.000000 0.000000
vn 1.000000 -0.000000 0.000000
vn 1.000000 -0.000000 -0.000000
vn 1.000000 -0.000000 -0.000000
vn 1.000000 -0.000000 -0.000000
vn 1.000000 -0.000000 -0.000000
vn 1.000000 0.000005 0.000028
vn 1.000000 0.000005 0.000028
vn 1.000000 0.000005 0.000028
vn 1.000000 0.000005 0.000028
vn 1.000000 -0.000000 0.000000
vn 1.000000 -0.000000 0.000000
vn 1.000000 -0.000000 0.000000
vn 1.000000 -0.000000 0.000000
vn 1.000000 -0.000000 0.000000
vn 1.000000 -0.000000 0.000000
vn 1.000000 -0.000000 0.000000
vn 1.000000 -0.000000 0.000000
vn 1.000000 -0.000000 0.000001
vn 1.000000 -0.000000 0.000001
vn 1.000000 -0.000000 0.000001
vn 1.000000 -0.000000 0.000001
vn 1.000000 -0.000000 0.000000
vn 1.000000 -0.000000 0.000000
vn 1.000000 -0.000000 0.000000
vn 1.000000 -0.000000 0.000000
vn 1.000000 -0.000000 0.000000
vn 1.000000 -0.000000 0.000000
vn 1.000000 -0.000000 0.000000
vn 1.000000 -0.000000 0.000000
vn 1.000000 -0.000027 0.000011
vn 1.000000 -0.000027 0.000011
vn 1.000000 -0.000027 0.000011
vn 1.000000 -0.000027 0.000011
vn 1.000000 0.000021 -0.000022
vn 1.000000 0.000021 -0.000022
vn 1.000000 0.000021 -0.000022
vn 1.000000 0.000021 -0.000022
vn 1.000000 0.000014 -0.000025
vn 1.000000 0.000014 -0.000025
vn 1.000000 0.000014 -0.000025
vn 1.000000 0.000014 -0.000025
vn 1.000000 -0.000005 0.000028
vn 1.000000 -0.000005 0.000028
vn 1.000000 -0.000005 0.000028
vn 1.000000 -0.000005 0.000028
vn 1.000000 -0.000000 0.000000
vn 1.000000 -0.000000 0.000000
vn 1.000000 -0.000000 0.000000
vn 1.000000 -0.000000 0.000000
vn 1.000000 -0.000000 0.000000
vn 1.000000 -0.000000 0.000000
vn 1.000000 -0.000000 0.000000
vn 1.000000 -0.000000 0.000000
vn 1.000000 -0.000000 -0.000002
vn 1.000000 -0.000000 -0.000002
vn 1.000000 -0.000000 -0.000002
vn 1.000000 -0.000000 -0.000002
vn 1.000000 -0.000000 0.000000
vn 1.000000 -0.000000 0.000000
vn 1.000000 -0.000000 0.000000
vn 1.000000 -0.000000 0.000000
vn 1.000000 -0.000000 -0.000000
vn 1.000000 -0.000000 -0.000000
vn 1.000000 -0.000000 -0.000000
vn 1.000000 -0.000000 -0.000000
vn 1.000000 -0.000022 0.000004
vn 1.000000 -0.000022 0.000004
vn 1.000000 -0.000022 0.000004
vn 1.000000 -0.000022 0.000004
vn 1.000000 -0.000000 -0.000001
vn 1.000000 -0.000000 -0.000001
vn 1.000000 -0.000000 -0.000001
vn 1.000000 -0.000000 -0.000001
vn 1.000000 0.000021 -0.000023
vn 1.000000 0.000021 -0.000023
vn 1.000000 0.000021 -0.000023
vn 1.000000 0.000021 -0.000023
vn 1.000000 0.000014 -0.000025
vn 1.000000 0.000014 -0.000025
vn 1.000000 0.000014 -0.000025
vn 1.000000 0.000014 -0.000025
vn 1.000000 -0.000000 0.000002
vn 1.000000 -0.000000 0.000002
vn 1.000000 -0.000000 0.000002
vn 1.000000 -0.000000 0.000002
vn 0.040522 0.999179 0.000012
vn 0.040523 0.950275 -0.308763
vn -0.024096 0.950783 -0.308918
vn -0.024097 0.999710 0.000020
vn 0.042490 -0.950198 0.308737
vn 0.042491 -0.999097 -0.000008
vn 0.079619 -0.996825 -0.000015
vn 0.079618 -0.948040 0.308029
vn 0.040519 0.808335 -0.587327
vn -0.024099 0.808756 -0.587651
vn 0.042494 -0.808275 0.587270
vn 0.079621 -0.806429 0.585946
vn 0.040515 0.587293 -0.808360
vn -0.024102 0.587590 -0.808800
vn 0.042498 -0.587247 0.808291
vn 0.079624 -0.585900 0.806462
vn 0.040517 0.308772 -0.950273
vn -0.002530 0.358631 -0.933476
vn 0.042496 -0.308744 0.950195
vn 0.067160 -0.357732 0.931406
vn 0.040519 0.000003 -0.999179
vn 0.040519 0.000003 -0.999179
vn 0.042494 -0.000002 0.999097
vn 0.042494 -0.000002 0.999097
vn 0.040518 -0.308759 -0.950277
vn -0.002528 -0.358623 -0.933479
vn 0.042494 0.308734 0.950199
vn 0.067158 0.357725 0.931409
vn 0.040520 -0.587290 -0.808361
vn -0.024097 -0.587601 -0.808792
vn 0.042493 0.587246 0.808292
vn 0.079619 0.585910 0.806456
vn 0.040522 -0.808356 -0.587297
vn -0.024096 -0.808791 -0.587602
vn 0.042492 0.808289 0.587250
vn 0.079618 0.806456 0.585910
vn 0.040517 -0.950286 -0.308731
vn -0.024100 -0.950802 -0.308860
vn 0.042496 0.950204 0.308716
vn 0.079622 0.948053 0.307987
vn 0.040514 -0.999179 -0.000014
vn -0.024105 -0.999709 -0.000002
vn 0.042499 0.999097 0.000010
vn 0.079626 0.996825 0.000002
vn 0.040519 -0.950283 0.308740
vn -0.024105 -0.950788 0.308902
vn 0.042494 0.950203 -0.308722
vn 0.079626 0.948043 -0.308018
vn 0.040521 -0.808348 0.587309
vn -0.024103 -0.808775 0.587624
vn 0.042492 0.808283 -0.587258
vn 0.079624 0.806443 -0.585926
vn 0.040521 -0.587312 0.808346
vn -0.024101 -0.587645 0.808760
vn 0.042492 0.587261 -0.808281
vn 0.079623 0.585942 -0.806432
vn 0.040522 -0.308773 0.950272
vn -0.002527 -0.358666 0.933463
vn 0.042491 0.308744 -0.950196
vn 0.067157 0.357757 -0.931397
vn 0.040520 -0.000001 0.999179
vn 0.040520 -0.000001 0.999179
vn 0.042493 -0.000000 -0.999097
vn 0.042493 -0.000000 -0.999097
vn 0.040519 0.308761 0.950276
vn -0.002526 0.358621 0.933480
vn 0.042494 -0.308737 -0.950198
vn 0.067156 -0.357725 -0.931409
vn 0.040520 0.587302 0.808353
vn -0.024097 0.587610 0.808785
vn 0.042493 -0.587253 -0.808287
vn 0.079619 -0.585915 -0.806451
vn 0.040520 0.808352 0.587303
vn -0.024099 0.808782 0.587614
vn 0.042493 -0.808286 -0.587254
vn 0.079621 -0.806449 -0.585918
vn 0.040520 0.950275 0.308764
vn -0.024100 0.950782 0.308922
vn 0.042493 -0.950198 -0.308737
vn 0.079621 -0.948039 -0.308031
vn -0.088610 0.947321 -0.307783
vn -0.088611 0.996066 0.000027
vn 0.116631 -0.993175 -0.000022
vn 0.116631 -0.944570 0.306894
vn -0.088612 0.805799 -0.585521
vn 0.116632 -0.803469 0.583810
vn -0.088613 0.585433 -0.805863
vn 0.116634 -0.583743 0.803517
vn -0.087532 0.452240 -0.887590
vn -0.000018 0.951056 0.309017
vn -0.000018 0.951056 0.309017
vn -0.000018 0.951056 0.309017
vn -0.000018 0.951056 0.309017
vn 0.115219 -0.450963 0.885075
vn -0.088608 0.585465 0.805840
vn -0.087525 0.452234 0.887594
vn 0.115211 -0.450957 -0.885078
vn 0.116629 -0.583767 -0.803501
vn 0.000001 0.951057 -0.309016
vn 0.000001 0.951057 -0.309016
vn 0.000001 0.951057 -0.309016
vn 0.000001 0.951057 -0.309016
vn -0.088612 0.805836 0.585471
vn 0.116633 -0.803497 -0.583772
vn -0.088614 0.947319 0.307791
vn 0.116634 -0.944568 -0.306900
vn -0.088609 -0.585458 -0.805846
vn -0.087528 -0.452243 -0.887589
vn 0.115214 0.450962 0.885076
vn 0.116630 0.583763 0.803504
vn 0.000000 -0.951057 0.309016
vn 0.000000 -0.951057 0.309016
vn 0.000000 -0.951057 0.309016
vn 0.000000 -0.951057 0.309016
vn -0.088608 -0.805849 -0.585453
vn 0.116628 0.803507 0.583759
vn -0.088611 -0.947348 -0.307700
vn 0.116632 0.944591 0.306832
vn -0.088618 -0.996066 0.000010
vn 0.116638 0.993174 -0.000007
vn -0.088623 -0.947323 0.307773
vn 0.116643 0.944571 -0.306887
vn -0.088621 -0.805825 0.585485
vn 0.116641 0.803487 -0.583783
vn -0.088618 -0.585524 0.805797
vn 0.116638 0.583812 -0.803467
vn -0.087533 -0.452340 0.887540
vn -0.000004 -0.951057 -0.309016
vn -0.000004 -0.951057 -0.309016
vn -0.000004 -0.951057 -0.309016
vn -0.000004 -0.951057 -0.309016
vn 0.115219 0.451036 -0.885037
s 1
g mg pPipe1
usemtl blinn7SG
f 796/1142/1981 795/1138/1982 815/1139/1983 816/968/1984
f 797/969/1985 796/1142/1981 816/968/1984 817/970/1986
f 798/971/1987 797/969/1985 817/970/1986 818/972/1988
f 799/973/1989 798/971/1987 818/972/1988 819/974/1990
f 800/975/1991 799/973/1989 819/974/1990 820/976/1992
f 801/977/1993 800/975/1991 820/976/1992 821/978/1994
f 802/979/1995 801/977/1993 821/978/1994 822/980/1996
f 803/981/1997 802/979/1995 822/980/1996 823/982/1998
f 804/983/1999 803/981/1997 823/982/1998 824/984/2000
f 805/985/2001 804/983/1999 824/984/2000 825/986/2002
f 806/987/2003 805/985/2001 825/986/2002 826/988/2004
f 807/989/2005 806/987/2003 826/988/2004 827/990/2006
f 808/991/2007 807/989/2005 827/990/2006 828/992/2008
f 809/993/2009 808/991/2007 828/992/2008 829/994/2010
f 810/995/2011 809/993/2009 829/994/2010 830/996/2012
f 811/997/2013 810/995/2011 830/996/2012 831/998/2014
f 812/999/2015 811/997/2013 831/998/2014 832/1000/2016
f 813/1001/2017 812/999/2015 832/1000/2016 833/1002/2018
f 814/1003/2019 813/1001/2017 833/1002/2018 834/1004/2020
f 795/966/1982 814/1003/2019 834/1004/2020 815/967/1983
s 2
f 816/968/2021 815/1139/2022 835/1140/2023 836/1144/2024
f 817/970/2025 816/968/2021 836/1144/2024 837/1006/2026
f 818/972/2027 817/970/2025 837/1006/2026 838/1007/2028
f 819/974/2029 818/972/2027 838/1007/2028 839/1008/2030
f 820/976/2031 819/974/2029 839/1008/2030 840/1009/2032
f 821/978/2033 820/976/2031 840/1009/2032 841/1010/2034
f 822/980/2035 821/978/2033 841/1010/2034 842/1011/2036
f 823/982/2037 822/980/2035 842/1011/2036 843/1012/2038
f 824/984/2039 823/982/2037 843/1012/2038 844/1013/2040
f 825/986/2041 824/984/2039 844/1013/2040 845/1014/2042
f 826/988/2043 825/986/2041 845/1014/2042 846/1015/2044
f 827/990/2045 826/988/2043 846/1015/2044 847/1016/2046
f 828/992/2047 827/990/2045 847/1016/2046 848/1017/2048
f 829/994/2049 828/992/2047 848/1017/2048 849/1018/2050
f 830/996/2051 829/994/2049 849/1018/2050 850/1019/2052
f 831/998/2053 830/996/2051 850/1019/2052 851/1020/2054
f 832/1000/2055 831/998/2053 851/1020/2054 852/1021/2056
f 833/1002/2057 832/1000/2055 852/1021/2056 853/1022/2058
f 834/1004/2059 833/1002/2057 853/1022/2058 854/1023/2060
f 815/967/2022 834/1004/2059 854/1023/2060 835/1005/2023
s 3
f 836/1144/2061 835/1140/2062 855/1141/2063 856/1025/2064
f 837/1006/2065 836/1144/2061 856/1025/2064 857/1026/2066
f 838/1007/2067 837/1006/2065 857/1026/2066 858/1027/2068
f 839/1008/2069 838/1007/2067 858/1027/2068 859/1028/2070
f 840/1009/2071 839/1008/2069 859/1028/2070 860/1029/2072
f 841/1010/2073 840/1009/2071 860/1029/2072 861/1030/2074
f 842/1011/2075 841/1010/2073 861/1030/2074 862/1031/2076
f 843/1012/2077 842/1011/2075 862/1031/2076 863/1032/2078
f 844/1013/2079 843/1012/2077 863/1032/2078 864/1033/2080
f 845/1014/2081 844/1013/2079 864/1033/2080 865/1034/2082
f 846/1015/2083 845/1014/2081 865/1034/2082 866/1035/2084
f 847/1016/2085 846/1015/2083 866/1035/2084 867/1036/2086
f 848/1017/2087 847/1016/2085 867/1036/2086 868/1037/2088
f 849/1018/2089 848/1017/2087 868/1037/2088 869/1038/2090
f 850/1019/2091 849/1018/2089 869/1038/2090 870/1039/2092
f 851/1020/2093 850/1019/2091 870/1039/2092 871/1040/2094
f 852/1021/2095 851/1020/2093 871/1040/2094 872/1041/2096
f 853/1022/2097 852/1021/2095 872/1041/2096 873/1042/2098
f 854/1023/2099 853/1022/2097 873/1042/2098 874/1043/2100
f 835/1005/2062 854/1023/2099 874/1043/2100 855/1024/2063
s 4
f 856/1025/2101 855/1141/2102 795/1138/2103 796/1142/2104
f 857/1026/2105 856/1025/2101 796/1142/2104 797/969/2106
f 858/1027/2107 857/1026/2105 797/969/2106 798/971/2108
f 859/1028/2109 858/1027/2107 798/971/2108 799/973/2110
f 860/1029/2111 859/1028/2109 799/973/2110 800/975/2112
f 861/1030/2113 860/1029/2111 800/975/2112 801/977/2114
f 862/1031/2115 861/1030/2113 801/977/2114 802/979/2116
f 863/1032/2117 862/1031/2115 802/979/2116 803/981/2118
f 864/1033/2119 863/1032/2117 803/981/2118 804/983/2120
f 865/1034/2121 864/1033/2119 804/983/2120 805/985/2122
f 866/1035/2123 865/1034/2121 805/985/2122 806/987/2124
f 867/1036/2125 866/1035/2123 806/987/2124 807/989/2126
f 868/1037/2127 867/1036/2125 807/989/2126 808/991/2128
f 869/1038/2129 868/1037/2127 808/991/2128 809/993/2130
f 870/1039/2131 869/1038/2129 809/993/2130 810/995/2132
f 871/1040/2133 870/1039/2131 810/995/2132 811/997/2134
f 872/1041/2135 871/1040/2133 811/997/2134 812/999/2136
f 873/1042/2137 872/1041/2135 812/999/2136 813/1001/2138
f 874/1043/2139 873/1042/2137 813/1001/2138 814/1003/2140
f 855/1024/2102 874/1043/2139 814/1003/2140 795/966/2103
s off
f 935/1149/2141 936/1045/2142 937/1046/2143 938/1143/2144
f 936/1045/2145 939/1048/2146 940/1049/2147 937/1046/2148
f 939/1048/2149 941/1050/2150 942/1051/2151 940/1049/2152
f 941/1050/2153 943/1052/2154 944/1053/2155 942/1051/2156
f 903/1054/2157 905/1055/2158 906/1056/2159 904/1057/2160
f 905/1055/2161 907/1058/2162 908/1059/2163 906/1056/2164
f 953/1060/2165 954/1061/2166 955/1062/2167 956/1063/2168
f 954/1061/2169 957/1064/2170 958/1065/2171 955/1062/2172
f 957/1064/2173 959/1066/2174 960/1067/2175 958/1065/2176
f 959/1066/2177 961/1068/2178 962/1069/2179 960/1067/2180
f 961/1068/2181 963/1070/2182 964/1071/2183 962/1069/2184
f 963/1070/2185 965/1072/2186 966/1073/2187 964/1071/2188
f 965/1072/2189 967/1074/2190 968/1075/2191 966/1073/2192
f 967/1074/2193 969/1076/2194 970/1077/2195 968/1075/2196
f 923/1078/2197 925/1079/2198 926/1080/2199 924/1081/2200
f 925/1079/2201 927/1082/2202 928/1083/2203 926/1080/2204
f 945/1084/2205 946/1085/2206 947/1086/2207 948/1087/2208
f 946/1085/2209 949/1088/2210 950/1089/2211 947/1086/2212
f 949/1088/2213 951/1090/2214 952/1091/2215 950/1089/2216
f 951/1090/2217 935/1044/2218 938/1047/2219 952/1091/2220
s 25
f 835/1140/2221 836/1144/2222 896/1148/2223 895/1145/2224
s 26
f 876/1146/2225 875/1147/2226 898/1150/2227 897/1095/2228
s 25
f 836/1144/2222 837/1006/2229 899/1096/2230 896/1148/2223
s 26
f 877/1097/2231 876/1146/2225 897/1095/2228 900/1098/2232
s 25
f 837/1006/2229 838/1007/2233 901/1099/2234 899/1096/2230
s 26
f 878/1100/2235 877/1097/2231 900/1098/2232 902/1101/2236
s 25
f 838/1007/2233 839/1008/2237 903/1054/2238 901/1099/2234
s 26
f 879/1102/2239 878/1100/2235 902/1101/2236 904/1057/2240
s 25
f 839/1008/2237 840/1009/2241 905/1055/2242 903/1054/2238
s 26
f 880/1103/2243 879/1102/2239 904/1057/2240 906/1056/2244
s 25
f 840/1009/2241 841/1010/2245 907/1058/2246 905/1055/2242
s 26
f 881/1104/2247 880/1103/2243 906/1056/2244 908/1059/2248
s 25
f 841/1010/2245 842/1011/2249 909/1105/2250 907/1058/2246
s 26
f 882/1106/2251 881/1104/2247 908/1059/2248 910/1107/2252
s 25
f 842/1011/2249 843/1012/2253 911/1108/2254 909/1105/2250
s 26
f 883/1109/2255 882/1106/2251 910/1107/2252 912/1110/2256
s 25
f 843/1012/2253 844/1013/2257 913/1111/2258 911/1108/2254
s 26
f 884/1112/2259 883/1109/2255 912/1110/2256 914/1113/2260
s 25
f 844/1013/2257 845/1014/2261 915/1114/2262 913/1111/2258
s 26
f 885/1115/2263 884/1112/2259 914/1113/2260 916/1116/2264
s 25
f 845/1014/2261 846/1015/2265 917/1117/2266 915/1114/2262
s 26
f 886/1118/2267 885/1115/2263 916/1116/2264 918/1119/2268
s 25
f 846/1015/2265 847/1016/2269 919/1120/2270 917/1117/2266
s 26
f 887/1121/2271 886/1118/2267 918/1119/2268 920/1122/2272
s 25
f 847/1016/2269 848/1017/2273 921/1123/2274 919/1120/2270
s 26
f 888/1124/2275 887/1121/2271 920/1122/2272 922/1125/2276
s 25
f 848/1017/2273 849/1018/2277 923/1078/2278 921/1123/2274
s 26
f 889/1126/2279 888/1124/2275 922/1125/2276 924/1081/2280
s 25
f 849/1018/2277 850/1019/2281 925/1079/2282 923/1078/2278
s 26
f 890/1127/2283 889/1126/2279 924/1081/2280 926/1080/2284
s 25
f 850/1019/2281 851/1020/2285 927/1082/2286 925/1079/2282
s 26
f 891/1128/2287 890/1127/2283 926/1080/2284 928/1083/2288
s 25
f 851/1020/2285 852/1021/2289 929/1129/2290 927/1082/2286
s 26
f 892/1130/2291 891/1128/2287 928/1083/2288 930/1131/2292
s 25
f 852/1021/2289 853/1022/2293 931/1132/2294 929/1129/2290
s 26
f 893/1133/2295 892/1130/2291 930/1131/2292 932/1134/2296
s 25
f 853/1022/2293 854/1023/2297 933/1135/2298 931/1132/2294
s 26
f 894/1136/2299 893/1133/2295 932/1134/2296 934/1137/2300
s 25
f 854/1023/2297 835/1005/2221 895/1092/2224 933/1135/2298
s 26
f 875/1093/2226 894/1136/2299 934/1137/2300 898/1094/2227
s 25
f 895/1145/2224 896/1148/2223 936/1045/2301 935/1149/2302
s 26
f 897/1095/2228 898/1150/2227 938/1143/2303 937/1046/2304
s 25
f 896/1148/2223 899/1096/2230 939/1048/2305 936/1045/2301
s 26
f 900/1098/2232 897/1095/2228 937/1046/2304 940/1049/2306
s 25
f 899/1096/2230 901/1099/2234 941/1050/2307 939/1048/2305
s 26
f 902/1101/2236 900/1098/2232 940/1049/2306 942/1051/2308
s 25
f 901/1099/2234 903/1054/2238 943/1052/2309 941/1050/2307
s off
f 903/1054/2310 904/1057/2311 944/1053/2312 943/1052/2313
s 26
f 904/1057/2240 902/1101/2236 942/1051/2308 944/1053/2314
s 25
f 927/1082/2286 929/1129/2290 946/1085/2315 945/1084/2316
s 26
f 930/1131/2292 928/1083/2288 948/1087/2317 947/1086/2318
s off
f 928/1083/2319 927/1082/2320 945/1084/2321 948/1087/2322
s 25
f 929/1129/2290 931/1132/2294 949/1088/2323 946/1085/2315
s 26
f 932/1134/2296 930/1131/2292 947/1086/2318 950/1089/2324
s 25
f 931/1132/2294 933/1135/2298 951/1090/2325 949/1088/2323
s 26
f 934/1137/2300 932/1134/2296 950/1089/2324 952/1091/2326
s 25
f 933/1135/2298 895/1092/2224 935/1044/2302 951/1090/2325
s 26
f 898/1094/2227 934/1137/2300 952/1091/2326 938/1047/2303
s 25
f 907/1058/2246 909/1105/2250 954/1061/2327 953/1060/2328
s 26
f 910/1107/2252 908/1059/2248 956/1063/2329 955/1062/2330
s off
f 908/1059/2331 907/1058/2332 953/1060/2333 956/1063/2334
s 25
f 909/1105/2250 911/1108/2254 957/1064/2335 954/1061/2327
s 26
f 912/1110/2256 910/1107/2252 955/1062/2330 958/1065/2336
s 25
f 911/1108/2254 913/1111/2258 959/1066/2337 957/1064/2335
s 26
f 914/1113/2260 912/1110/2256 958/1065/2336 960/1067/2338
s 25
f 913/1111/2258 915/1114/2262 961/1068/2339 959/1066/2337
s 26
f 916/1116/2264 914/1113/2260 960/1067/2338 962/1069/2340
s 25
f 915/1114/2262 917/1117/2266 963/1070/2341 961/1068/2339
s 26
f 918/1119/2268 916/1116/2264 962/1069/2340 964/1071/2342
s 25
f 917/1117/2266 919/1120/2270 965/1072/2343 963/1070/2341
s 26
f 920/1122/2272 918/1119/2268 964/1071/2342 966/1073/2344
s 25
f 919/1120/2270 921/1123/2274 967/1074/2345 965/1072/2343
s 26
f 922/1125/2276 920/1122/2272 966/1073/2344 968/1075/2346
s 25
f 921/1123/2274 923/1078/2278 969/1076/2347 967/1074/2345
s off
f 923/1078/2348 924/1081/2349 970/1077/2350 969/1076/2351
s 26
f 924/1081/2280 922/1125/2276 968/1075/2346 970/1077/2352
g default
v -27.625600 2.228888 0.235594
v -27.600813 2.204101 0.235594
v -27.600813 2.228888 0.260380
v -27.500152 2.232462 0.260380
v -27.500152 2.204101 0.226225
v -27.600813 2.497041 0.235594
v -27.625600 2.472255 0.235594
v -27.600813 2.472255 0.260380
v -27.500152 2.511341 0.280626
v -27.500152 2.497041 0.235594
v -27.500152 2.472255 0.260380
v -27.600813 2.472255 -0.154355
v -27.625600 2.472255 -0.129568
v -27.600813 2.497041 -0.129568
v -27.500152 2.511341 -0.174600
v -27.500152 2.472255 -0.154355
v -27.500152 2.497041 -0.129568
v -27.600813 2.204101 -0.129568
v -27.625600 2.228888 -0.129568
v -27.600813 2.228888 -0.154355
v -27.500152 2.189801 -0.174600
v -27.500152 2.204101 -0.129568
v -27.500152 2.228888 -0.154355
v -25.211306 2.228888 0.260380
v -25.211306 2.204101 0.235594
v -25.186519 2.228888 0.235594
v -25.211306 2.497041 0.235594
v -25.211306 2.472255 0.260380
v -25.186519 2.472255 0.235594
v -25.211306 2.472255 -0.154355
v -25.211306 2.497041 -0.129568
v -25.186519 2.472255 -0.129568
v -25.211306 2.204101 -0.129568
v -25.211306 2.228888 -0.154355
v -25.186519 2.228888 -0.129568
v -27.262361 2.511341 0.280626
v -27.262361 2.472255 0.260380
v -27.262361 2.497041 0.235594
v -25.865331 2.497041 0.235440
v -25.865331 2.472178 0.260380
v -27.262361 2.511341 -0.174600
v -27.262361 2.497041 -0.129568
v -27.262361 2.472255 -0.154355
v -25.865331 2.511341 -0.174600
v -25.865331 2.472255 -0.154355
v -25.865331 2.497041 -0.129568
v -27.262361 2.189801 -0.174600
v -27.262361 2.228888 -0.154355
v -27.262361 2.204101 -0.129568
v -25.865331 2.189801 -0.174600
v -25.865331 2.204101 -0.129568
v -25.865331 2.228888 -0.154355
v -27.262361 2.204101 0.235432
v -27.262361 2.228968 0.260380
v -25.865331 2.228964 0.260380
v -25.865331 2.204101 0.235440
v -25.682740 2.471702 0.260380
v -25.682740 2.497041 0.234448
v -25.682740 2.511341 -0.174600
v -25.682740 2.497041 -0.129568
v -25.682740 2.472255 -0.154355
v -25.682740 2.189801 -0.174600
v -25.682740 2.228888 -0.154355
v -25.682740 2.204101 -0.129568
v -25.682740 2.204101 0.234448
v -25.682740 2.229440 0.260380
v -27.475366 2.585367 0.420521
v -27.475366 2.610154 0.395735
v -27.500152 2.594981 0.399040
v -27.287148 2.585367 0.420521
v -27.262361 2.594981 0.399040
v -27.287148 2.610154 0.395735
v -27.287148 2.585367 -0.314496
v -27.287148 2.610154 -0.289710
v -27.262361 2.594981 -0.293015
v -27.475366 2.585367 -0.314496
v -27.500152 2.594981 -0.293015
v -27.475366 2.610154 -0.289710
v -27.475366 2.090989 -0.289710
v -27.500152 2.106162 -0.293015
v -27.475366 2.115775 -0.314496
v -27.287148 2.090989 -0.289710
v -27.287148 2.115775 -0.314496
v -27.262361 2.106162 -0.293015
v -27.475366 2.115775 0.420521
v -27.500152 2.138842 0.395735
v -27.500152 2.115775 0.342467
v -27.475366 2.090989 0.395735
v -27.262361 2.138842 0.395735
v -27.287148 2.115775 0.420521
v -27.287148 2.090989 0.395735
v -27.262361 2.115775 0.342467
v -25.865330 2.559630 0.391955
v -25.840543 2.582697 0.416741
v -25.840543 2.607484 0.391955
v -25.865330 2.582697 0.338687
v -25.707527 2.582697 0.416741
v -25.682740 2.559630 0.391955
v -25.682740 2.582697 0.338687
v -25.707527 2.607484 0.391955
v -25.707527 2.582697 -0.310716
v -25.707527 2.607484 -0.285930
v -25.682740 2.592311 -0.289235
v -25.840543 2.582697 -0.310716
v -25.865330 2.592311 -0.289235
v -25.840543 2.607484 -0.285930
v -25.840543 2.093659 -0.285930
v -25.865330 2.108832 -0.289235
v -25.840543 2.118445 -0.310716
v -25.707527 2.093659 -0.285930
v -25.707527 2.118445 -0.310716
v -25.682740 2.108832 -0.289235
v -25.840543 2.118445 0.416741
v -25.865330 2.141512 0.391955
v -25.865330 2.118445 0.338687
v -25.840543 2.093659 0.391955
v -25.682740 2.141512 0.391955
v -25.707527 2.118445 0.416741
v -25.707527 2.093659 0.391955
v -25.682740 2.118445 0.338687
vt 0.044841 0.681466
vt 0.044859 0.505509
vt 0.087947 0.505509
vt 0.087947 0.681466
vt 0.041915 0.681466
vt 0.041915 0.505509
vt 0.090873 0.681466
vt 0.090873 0.505509
vt 0.119601 0.505509
vt 0.119601 0.681466
vt 0.185041 0.709746
vt 0.185041 0.807556
vt 0.122527 0.681466
vt 0.122527 0.505509
vt 0.165614 0.505509
vt 0.165613 0.681466
vt 0.203029 0.807556
vt 0.203029 0.709746
vt 0.168558 0.681466
vt 0.168558 0.505509
vt 0.203029 0.706170
vt 0.203029 0.686978
vt 0.013197 0.681464
vt 0.013205 0.505507
vt 0.404459 0.696727
vt 0.405759 0.605036
vt 0.417703 0.621808
vt 0.417703 0.673144
vt 0.415769 0.679642
vt 0.402407 0.696251
vt 0.402407 0.597350
vt 0.421538 0.616880
vt 0.408878 0.597350
vt 0.421055 0.676721
vt 0.453965 0.676721
vt 0.459250 0.679642
vt 0.470561 0.696727
vt 0.405759 0.699827
vt 0.405759 0.593774
vt 0.459250 0.613959
vt 0.453965 0.616880
vt 0.470561 0.596874
vt 0.457317 0.673144
vt 0.457317 0.620457
vt 0.469261 0.699827
vt 0.469261 0.593774
vt 0.472613 0.597350
vt 0.472613 0.696251
vt 0.308800 0.596874
vt 0.370483 0.597350
vt 0.358295 0.616880
vt 0.325396 0.616880
vt 0.320110 0.613959
vt 0.309036 0.593774
vt 0.374666 0.593774
vt 0.361658 0.620480
vt 0.373602 0.605036
vt 0.322044 0.620457
vt 0.322044 0.673144
vt 0.320110 0.679642
vt 0.308800 0.696727
vt 0.306748 0.597350
vt 0.376954 0.597350
vt 0.363592 0.679642
vt 0.361658 0.673144
vt 0.374902 0.696727
vt 0.325396 0.676721
vt 0.358306 0.676721
vt 0.306748 0.696251
vt 0.376954 0.696251
vt 0.310100 0.699827
vt 0.373602 0.699827
vt 0.270461 0.709269
vt 0.269161 0.799870
vt 0.257578 0.784830
vt 0.257578 0.732307
vt 0.259512 0.725810
vt 0.272513 0.807556
vt 0.272513 0.709746
vt 0.254151 0.788571
vt 0.266042 0.807556
vt 0.254226 0.728731
vt 0.221316 0.728731
vt 0.216030 0.725810
vt 0.205081 0.709269
vt 0.269161 0.811132
vt 0.269161 0.706170
vt 0.209500 0.807556
vt 0.221390 0.788571
vt 0.218699 0.732307
vt 0.217964 0.784830
vt 0.206381 0.799870
vt 0.206381 0.706170
vt 0.206381 0.811132
vt 0.203029 0.830325
vt 0.203029 0.811132
vt 0.205081 0.683878
vt 0.206381 0.593278
vt 0.217964 0.608175
vt 0.217964 0.660840
vt 0.216030 0.667338
vt 0.203029 0.683401
vt 0.203029 0.585592
vt 0.221326 0.604576
vt 0.209500 0.585592
vt 0.221316 0.664417
vt 0.254226 0.664417
vt 0.259512 0.667338
vt 0.270461 0.683878
vt 0.206381 0.686978
vt 0.206381 0.582015
vt 0.266042 0.585592
vt 0.254216 0.604576
vt 0.257578 0.660840
vt 0.257578 0.608175
vt 0.269161 0.593278
vt 0.269161 0.686978
vt 0.269161 0.582015
vt 0.272513 0.585592
vt 0.272513 0.683401
vt 0.118841 0.705320
vt 0.132453 0.703968
vt 0.132453 0.756656
vt 0.118841 0.756656
vt 0.132453 0.700392
vt 0.118841 0.700392
vt 0.132453 0.760233
vt 0.118841 0.760233
vt 0.169818 0.686780
vt 0.169267 0.700392
vt 0.135254 0.700392
vt 0.135219 0.686780
vt 0.173394 0.700392
vt 0.173394 0.686780
vt 0.168715 0.703968
vt 0.168715 0.756656
vt 0.135805 0.756656
vt 0.135805 0.703968
vt 0.172067 0.703968
vt 0.172067 0.756656
vt 0.169267 0.760233
vt 0.135254 0.760233
vt 0.272513 0.686978
vt 0.405759 0.726984
vt 0.498065 0.696251
vt 0.498065 0.597350
vt 0.185680 0.756656
vt 0.472613 0.699827
vt 0.498065 0.699827
vt 0.185680 0.703968
vt 0.172067 0.760233
vt 0.185680 0.760233
vt 0.134703 0.773845
vt 0.272513 0.830325
vt 0.272513 0.811132
vt 0.169818 0.773845
vt 0.023657 0.777431
vt 0.091679 0.776604
vt 0.091679 0.827638
vt 0.023657 0.826657
vt 0.091679 0.774079
vt 0.023657 0.774079
vt 0.091679 0.830163
vt 0.023657 0.830163
vt 0.095031 0.775777
vt 0.127941 0.775777
vt 0.127941 0.828465
vt 0.095031 0.828465
vt 0.127941 0.772201
vt 0.095031 0.772201
vt 0.131293 0.828465
vt 0.131293 0.775777
vt 0.095031 0.832042
vt 0.127941 0.832042
vt 0.469261 0.726984
vt 0.290501 0.686978
vt 0.269161 0.830325
vt 0.402407 0.726984
vt 0.091638 0.863074
vt 0.023616 0.862924
vt 0.091633 0.866425
vt 0.023612 0.866351
vt 0.290501 0.585592
vt 0.217964 0.784830
vt 0.218699 0.732307
vt 0.290501 0.683401
vt 0.221316 0.728731
vt 0.254226 0.728731
vt 0.023657 0.741169
vt 0.091679 0.741169
vt 0.402407 0.699827
vt 0.206381 0.830325
vt 0.375729 0.568322
vt 0.304397 0.593774
vt 0.304397 0.568322
vt 0.307973 0.568322
vt 0.379305 0.568322
vt 0.379305 0.593774
vn 0.000000 1.000000 0.000000
vn 0.000000 1.000000 0.000000
vn 0.000000 1.000000 0.000000
vn 0.000000 1.000000 0.000000
vn 0.000000 0.000000 -1.000000
vn 0.000000 0.000000 -1.000000
vn 0.000000 0.000000 -1.000000
vn 0.000000 0.000000 -1.000000
vn 0.000000 -1.000000 0.000000
vn 0.000000 -1.000000 0.000000
vn 0.000000 -1.000000 0.000000
vn 0.000000 -1.000000 0.000000
vn -0.000000 0.000000 1.000000
vn -0.000000 0.000000 1.000000
vn -0.000000 0.000000 1.000000
vn -0.000000 0.000000 1.000000
vn -1.000000 -0.000000 0.000000
vn -1.000000 -0.000000 0.000000
vn -1.000000 -0.000000 0.000000
vn -1.000000 -0.000003 0.000000
vn -1.000000 -0.000002 0.000000
vn 1.000000 -0.000000 0.000000
vn 1.000000 -0.000000 0.000000
vn 1.000000 -0.000000 0.000000
vn 1.000000 -0.000000 0.000000
vn 1.000000 -0.000000 0.000000
vn 1.000000 0.000000 0.000000
vn 1.000000 -0.000000 0.000000
vn 1.000000 -0.000000 0.000000
vn 1.000000 0.000000 0.000000
vn 1.000000 0.000000 0.000000
vn -1.000000 -0.000006 -0.000004
vn -1.000000 -0.000009 0.000002
vn -1.000000 -0.000009 0.000002
vn -1.000000 -0.000006 0.000000
vn -1.000000 -0.000004 -0.000003
vn -1.000000 0.000000 0.000000
vn -1.000000 0.000000 0.000000
vn -1.000000 0.000000 0.000000
vn -1.000000 0.000000 0.000000
vn -1.000000 0.000000 0.000000
vn -1.000000 0.000000 0.000000
vn -1.000000 0.000000 0.000000
vn -1.000000 0.000000 0.000000
vn -1.000000 0.000000 0.000000
vn -1.000000 -0.000003 0.000000
vn -1.000000 0.000000 0.000000
vn 1.000000 0.000000 0.000000
vn 1.000000 0.000003 0.000000
vn 1.000000 0.000002 0.000000
vn 1.000000 0.000000 0.000000
vn 1.000000 0.000003 0.000000
vn 1.000000 0.000000 0.000000
vn 1.000000 0.000000 0.000000
vn 1.000000 0.000000 0.000000
vn -1.000000 0.000004 -0.000003
vn -1.000000 0.000006 0.000000
vn -1.000000 0.000009 0.000002
vn -1.000000 0.000009 0.000002
vn -1.000000 0.000006 -0.000004
vn 1.000000 0.000000 0.000000
vn 1.000000 0.000000 0.000000
vn 1.000000 0.000000 0.000000
vn -1.000000 -0.000000 -0.000004
vn -1.000000 0.000001 -0.000004
vn 1.000000 0.000000 0.000000
vn 1.000000 -0.000000 0.000000
vn 1.000000 0.000000 0.000000
vn 1.000000 0.000000 0.000000
vn 1.000000 0.000000 0.000000
vn 1.000000 0.000000 0.000000
vn 1.000000 0.000000 0.000000
vn 0.000000 -1.000000 0.000000
vn 0.000000 -1.000000 0.000000
vn 0.000000 -1.000000 0.000000
vn 0.000000 -1.000000 0.000000
vn -0.000000 0.000000 1.000000
vn -0.000000 0.000000 1.000000
vn -0.000000 0.000000 1.000000
vn -0.000000 0.000000 1.000000
vn -1.000000 0.000000 0.000000
vn -1.000000 0.000000 0.000000
vn -1.000000 0.000000 0.000000
vn -1.000000 0.000000 0.000000
vn 0.000000 1.000000 0.000000
vn 0.000000 1.000000 0.000000
vn 0.000000 1.000000 0.000000
vn 0.000000 1.000000 0.000000
vn 0.000000 0.000000 -1.000000
vn 0.000000 0.000000 -1.000000
vn 0.000000 0.000000 -1.000000
vn 0.000000 0.000000 -1.000000
vn 0.000000 -1.000000 0.000000
vn 0.000000 -1.000000 0.000000
vn 0.000000 -1.000000 0.000000
vn 0.000000 -1.000000 0.000000
vn 1.000000 0.000000 0.000000
vn 1.000000 0.000000 0.000000
vn 1.000000 0.000000 0.000000
vn 1.000000 0.000000 0.000000
vn 0.000000 0.000000 1.000000
vn 0.000000 0.000000 1.000000
vn 0.000000 0.000000 1.000000
vn 0.000000 0.000000 1.000000
vn 0.000000 1.000000 0.000000
vn 0.000000 1.000000 0.000000
vn 0.000000 1.000000 0.000000
vn 0.000000 1.000000 0.000000
vn 0.000000 0.000000 -1.000000
vn 0.000000 0.000000 -1.000000
vn 0.000000 0.000000 -1.000000
vn 0.000000 0.000000 -1.000000
vn -1.000000 -0.000003 0.000006
vn -1.000000 -0.000003 0.000006
vn -1.000000 0.000003 0.000006
vn -1.000000 0.000003 0.000006
vn 1.000000 -0.000000 0.000000
vn 1.000000 -0.000000 0.000000
vn 1.000000 0.000000 0.000000
vn 1.000000 0.000000 0.000000
vn 0.000000 0.000000 1.000000
vn 0.000000 0.000000 1.000000
vn 0.000000 0.000000 1.000000
vn 0.000000 0.000000 1.000000
vn 0.000000 1.000000 0.000000
vn 0.000000 1.000000 0.000000
vn 0.000000 1.000000 0.000000
vn 0.000000 1.000000 0.000000
vn 0.000000 0.000000 -1.000000
vn 0.000000 0.000000 -1.000000
vn 0.000000 0.000000 -1.000000
vn 0.000000 0.000000 -1.000000
vn 0.000000 -1.000000 0.000000
vn 0.000000 -1.000000 0.000000
vn 0.000000 -1.000000 0.000000
vn 0.000000 -1.000000 0.000000
vn 0.000000 0.000000 1.000000
vn 0.000000 0.000000 1.000000
vn 0.000000 0.000000 1.000000
vn 0.000000 0.000000 1.000000
vn 0.000000 1.000000 0.000000
vn 0.000000 1.000000 0.000000
vn 0.000000 1.000000 0.000000
vn 0.000000 1.000000 0.000000
vn 0.000000 0.000000 -1.000000
vn 0.000000 0.000000 -1.000000
vn 0.000000 0.000000 -1.000000
vn 0.000000 0.000000 -1.000000
vn 0.000000 -1.000000 0.000000
vn 0.000000 -1.000000 0.000000
vn 0.000000 -1.000000 0.000000
vn 0.000000 -1.000000 0.000000
vn -0.707104 -0.707110 0.000000
vn -0.707104 -0.707110 0.000000
vn -0.707104 -0.707110 0.000000
vn -0.707104 -0.707110 0.000000
vn 0.044305 -0.741943 0.668998
vn 0.044305 -0.741943 0.668998
vn 0.044305 -0.741943 0.668998
vn 0.044305 -0.741943 0.668998
vn -0.707104 0.000000 0.707109
vn -0.707104 0.000000 0.707109
vn -0.707104 0.000000 0.707109
vn -0.707104 0.000000 0.707109
vn -0.707104 0.707110 0.000000
vn -0.707104 0.707110 0.000000
vn -0.707104 0.707110 0.000000
vn -0.707104 0.707110 0.000000
vn 0.000000 0.707107 0.707106
vn 0.000000 0.707107 0.707106
vn 0.000000 0.707107 0.707106
vn 0.000000 0.707107 0.707106
vn -0.707104 0.000000 -0.707109
vn -0.707104 0.000000 -0.707109
vn -0.707104 0.000000 -0.707109
vn -0.707104 0.000000 -0.707109
vn 0.000000 0.707107 -0.707106
vn 0.000000 0.707107 -0.707106
vn 0.000000 0.707107 -0.707106
vn 0.000000 0.707107 -0.707106
vn 0.000000 -0.707107 -0.707106
vn 0.000000 -0.707107 -0.707106
vn 0.000000 -0.707107 -0.707106
vn 0.000000 -0.707107 -0.707106
vn -0.001271 -0.711256 0.702932
vn -0.001271 -0.711256 0.702932
vn -0.001271 -0.711256 0.702932
vn -0.001271 -0.711256 0.702932
vn 0.707102 -0.707112 0.000000
vn 0.707102 -0.707112 0.000000
vn 0.707102 -0.707112 0.000000
vn 0.707102 -0.707112 0.000000
vn 0.707102 0.000000 0.707112
vn 0.707102 0.000000 0.707112
vn 0.707102 0.000000 0.707112
vn 0.707102 0.000000 0.707112
vn -0.001271 0.711256 0.702932
vn -0.001271 0.711256 0.702932
vn -0.001271 0.711256 0.702932
vn -0.001271 0.711256 0.702932
vn 0.707102 0.707111 0.000000
vn 0.707102 0.707111 0.000000
vn 0.707102 0.707111 0.000000
vn 0.707102 0.707111 0.000000
vn 0.000000 0.707107 -0.707107
vn 0.000000 0.707107 -0.707107
vn 0.000000 0.707107 -0.707107
vn 0.000000 0.707107 -0.707107
vn 0.707102 0.000000 -0.707112
vn 0.707102 0.000000 -0.707112
vn 0.707102 0.000000 -0.707112
vn 0.707102 0.000000 -0.707112
vn 0.000000 -0.707107 -0.707107
vn 0.000000 -0.707107 -0.707107
vn 0.000000 -0.707107 -0.707107
vn 0.000000 -0.707107 -0.707107
vn 0.000058 0.707657 0.706556
vn 0.000058 0.707657 0.706556
vn 0.000058 0.707657 0.706556
vn 0.000058 0.707657 0.706556
vn 0.000000 0.707107 -0.707107
vn 0.000000 0.707107 -0.707107
vn 0.000000 0.707107 -0.707107
vn 0.000000 0.707107 -0.707107
vn 0.000000 -0.707107 -0.707107
vn 0.000000 -0.707107 -0.707107
vn 0.000000 -0.707107 -0.707107
vn 0.000000 -0.707107 -0.707107
vn -0.000003 -0.708232 0.705980
vn -0.000003 -0.708232 0.705980
vn -0.000003 -0.708232 0.705980
vn -0.000003 -0.708232 0.705980
vn -0.683227 -0.002607 0.730202
vn -0.683227 -0.002607 0.730202
vn -0.683227 -0.002607 0.730202
vn -0.683227 -0.002607 0.730202
vn -0.139871 0.700155 0.700156
vn -0.139871 0.700155 0.700156
vn 0.139872 0.700155 0.700156
vn 0.139872 0.700155 0.700156
vn -0.522088 0.852892 0.000000
vn -0.522088 0.852892 0.000000
vn -0.522088 0.852892 0.000000
vn -0.522088 0.852892 0.000000
vn 0.683226 -0.002607 0.730202
vn 0.683226 -0.002607 0.730202
vn 0.683226 -0.002607 0.730202
vn 0.683226 -0.002607 0.730202
vn 0.522086 0.852893 0.000000
vn 0.522086 0.852893 0.000000
vn 0.522086 0.852893 0.000000
vn 0.522086 0.852893 0.000000
vn 0.654922 0.000000 -0.755696
vn 0.654922 0.000000 -0.755696
vn 0.654922 0.000000 -0.755696
vn 0.654922 0.000000 -0.755696
vn 0.139871 0.700155 -0.700156
vn 0.139871 0.700155 -0.700156
vn -0.139872 0.700155 -0.700156
vn -0.139872 0.700155 -0.700156
vn -0.654921 0.000000 -0.755697
vn -0.654921 0.000000 -0.755697
vn -0.654921 0.000000 -0.755697
vn -0.654921 0.000000 -0.755697
vn -0.631455 -0.775392 0.005643
vn -0.631455 -0.775392 0.005643
vn -0.751374 -0.647689 0.126238
vn -0.751374 -0.647689 0.126238
vn -0.139872 -0.700156 -0.700156
vn -0.139872 -0.700156 -0.700156
vn 0.139871 -0.700155 -0.700156
vn 0.139871 -0.700155 -0.700156
vn 0.631452 -0.775395 0.005643
vn 0.631452 -0.775395 0.005643
vn 0.751373 -0.647690 0.126238
vn 0.751373 -0.647690 0.126238
vn 0.000000 -0.707106 0.707107
vn 0.000000 -0.707106 0.707107
vn 0.000000 -0.707106 0.707107
vn 0.000000 -0.707106 0.707107
vn -0.707103 0.000000 0.707110
vn -0.707103 0.000000 0.707110
vn -0.707103 0.000000 0.707110
vn -0.707103 0.000000 0.707110
vn 0.000000 0.707108 0.707106
vn 0.000000 0.707108 0.707106
vn 0.000000 0.707108 0.707106
vn 0.000000 0.707108 0.707106
vn -0.751395 0.647657 0.126277
vn -0.751395 0.647657 0.126277
vn -0.631499 0.775356 0.005708
vn -0.631499 0.775356 0.005708
vn 0.707103 0.000000 0.707110
vn 0.707103 0.000000 0.707110
vn 0.707103 0.000000 0.707110
vn 0.707103 0.000000 0.707110
vn 0.751396 0.647656 0.126277
vn 0.751396 0.647656 0.126277
vn 0.631499 0.775355 0.005708
vn 0.631499 0.775355 0.005708
vn 0.654924 0.000000 -0.755695
vn 0.654924 0.000000 -0.755695
vn 0.654924 0.000000 -0.755695
vn 0.654924 0.000000 -0.755695
vn 0.139872 0.700156 -0.700155
vn 0.139872 0.700156 -0.700155
vn -0.139872 0.700156 -0.700155
vn -0.139872 0.700156 -0.700155
vn -0.654924 0.000000 -0.755695
vn -0.654924 0.000000 -0.755695
vn -0.654924 0.000000 -0.755695
vn -0.654924 0.000000 -0.755695
vn -0.631499 -0.775356 0.005708
vn -0.631499 -0.775356 0.005708
vn -0.751395 -0.647657 0.126277
vn -0.751395 -0.647657 0.126277
vn -0.139872 -0.700157 -0.700154
vn -0.139872 -0.700157 -0.700154
vn 0.139873 -0.700157 -0.700154
vn 0.139873 -0.700157 -0.700154
vn 0.631499 -0.775356 0.005708
vn 0.631499 -0.775356 0.005708
vn 0.751395 -0.647657 0.126277
vn 0.751395 -0.647657 0.126277
vn 0.000000 -0.707109 0.707105
vn 0.000000 -0.707109 0.707105
vn 0.000000 -0.707109 0.707105
vn 0.000000 -0.707109 0.707105
vn -0.577350 -0.577346 0.577355
vn -0.577350 -0.577346 0.577355
vn -0.577350 -0.577346 0.577355
vn -0.577350 0.577346 0.577354
vn -0.577350 0.577346 0.577354
vn -0.577350 0.577346 0.577354
vn -0.577350 0.577346 -0.577354
vn -0.577350 0.577346 -0.577354
vn -0.577350 0.577346 -0.577354
vn -0.577350 -0.577346 -0.577355
vn -0.577350 -0.577346 -0.577355
vn -0.577350 -0.577346 -0.577355
vn 0.577344 -0.577353 0.577353
vn 0.577344 -0.577353 0.577353
vn 0.577344 -0.577353 0.577353
vn 0.577345 0.577353 0.577353
vn 0.577345 0.577353 0.577353
vn 0.577345 0.577353 0.577353
vn 0.577345 0.577353 -0.577353
vn 0.577345 0.577353 -0.577353
vn 0.577345 0.577353 -0.577353
vn 0.577344 -0.577353 -0.577353
vn 0.577344 -0.577353 -0.577353
vn 0.577344 -0.577353 -0.577353
vn -0.320682 0.669762 0.669762
vn 0.320683 0.669762 0.669762
vn 0.320682 0.669762 -0.669762
vn -0.320683 0.669762 -0.669762
vn -0.320683 -0.669762 -0.669761
vn 0.320683 -0.669761 -0.669763
vn -0.854626 -0.442675 0.271392
vn -0.854626 -0.442675 0.271392
vn 0.854626 -0.442673 0.271393
vn 0.854626 -0.442673 0.271393
vn -0.854627 0.442674 0.271391
vn -0.854627 0.442674 0.271391
vn 0.854627 0.442674 0.271391
vn 0.854627 0.442674 0.271391
vn 0.320685 0.669762 -0.669761
vn -0.320685 0.669763 -0.669761
vn -0.320685 -0.669763 -0.669760
vn 0.320686 -0.669763 -0.669760
vn -0.854626 -0.442674 0.271392
vn -0.854626 -0.442674 0.271392
vn 0.854626 -0.442674 0.271392
vn 0.854626 -0.442674 0.271392
s off
g mg pCube9
usemtl blinn7SG
f 1008/1151/2353 1009/1152/2354 1016/1153/2355 1012/1154/2356
f 1022/1159/2357 1018/1160/2358 1013/1157/2359 1015/1158/2360
f 1026/1165/2361 1023/1166/2362 1019/1163/2363 1021/1164/2364
f 1010/1156/2365 1007/1155/2366 1024/1173/2367 1025/1174/2368
s 5
f 1050/1175/2369 1057/1176/2370 975/1177/2371 992/1178/2372 991/1179/2373
s 6
f 1041/1199/2374 1059/1200/2375 1024/1201/2376 1007/1202/2377 1006/1203/2378
s 7
f 1073/1223/2379 1069/1224/2380 1028/1225/2381 1030/1226/2382 1029/1227/2383
s 8
f 1078/1247/2384 1085/1248/2385 1026/1249/2386 1021/1250/2387 1020/1251/2388
s 5
f 979/1190/2389 981/1191/2390 974/1182/2391 1056/1183/2392 1039/1192/2393
f 985/1186/2394 987/1193/2395 980/1194/2396 979/1190/2389 1039/1192/2393 1047/1187/2397
f 991/1179/2373 993/1184/2398 986/1185/2399 985/1186/2394 1047/1187/2397 1050/1175/2369
s 6
f 1006/1203/2378 1008/1208/2400 1012/1209/2401 1011/1210/2402 1045/1211/2403 1041/1199/2374
f 1011/1210/2402 1013/1217/2404 1018/1218/2405 1017/1214/2406 1054/1216/2407 1045/1211/2403
s 8
f 1014/1258/2408 1016/1264/2409 1009/1265/2410 1066/1266/2411 1075/1259/2412
s 6
f 1017/1214/2406 1019/1215/2413 1023/1206/2414 1062/1207/2415 1054/1216/2407
s 8
f 1020/1251/2388 1022/1256/2416 1015/1257/2417 1014/1258/2408 1075/1259/2412 1078/1247/2384
s 7
f 1029/1227/2383 1031/1232/2418 1033/1233/2419 1032/1234/2420 1082/1235/2421 1073/1223/2379
f 1032/1234/2420 1034/1240/2422 1035/1241/2423 1090/1242/2424 1082/1235/2421
s off
f 975/1271/2425 972/1272/2426 988/1273/2427 992/1274/2428
f 981/1279/2429 978/1280/2430 973/1281/2431 974/1282/2432
f 977/1285/2433 983/1286/2434 989/1287/2435 971/1288/2436
f 987/1297/2437 984/1290/2438 976/1289/2439 980/1300/2440
f 993/1303/2441 990/1292/2442 982/1291/2443 986/1306/2444
f 1034/1307/2445 1003/1308/2446 995/1309/2447 1035/1310/2448
f 1005/1315/2449 1002/1316/2450 999/1317/2451 996/1318/2452
f 1036/1314/2453 994/1313/2454 998/1329/2455 1027/1330/2456
f 1028/1225/2457 997/1334/2458 1001/1335/2459 1030/1226/2460
f 1031/1339/2461 1000/1340/2462 1004/1311/2463 1033/1312/2464
s 8
f 1025/1254/2465 1084/1255/2466 1063/1262/2467 1010/1263/2468
s 7
f 1027/1230/2469 1068/1231/2470 1087/1238/2471 1036/1239/2472
s off
f 1055/1343/2473 1060/1205/2474 1040/1204/2475 1037/1346/2476
f 1042/1296/2477 1044/1295/2478 1048/1198/2479 1038/1197/2480
f 1053/1294/2481 1051/1188/2482 1046/1195/2483 1043/1325/2484
f 1052/1220/2485 1061/1213/2486 1058/1181/2487 1049/1180/2488
f 1083/1342/2489 1088/1244/2490 1067/1236/2491 1064/1327/2492
f 1070/1333/2493 1072/1336/2494 1076/1270/2495 1065/1269/2496
f 1081/1243/2497 1079/1260/2498 1074/1267/2499 1071/1237/2500
f 1080/1168/2501 1089/1167/2502 1086/1162/2503 1077/1161/2504
f 972/1272/2505 971/1288/2506 989/1287/2507 988/1273/2508
f 973/1275/2509 972/1272/2510 975/1271/2511 974/1276/2512
f 971/1288/2513 973/1281/2514 978/1280/2515 977/1285/2516
s 5
f 974/1182/2391 975/1177/2371 1057/1176/2370 1056/1183/2392
s off
f 977/1285/2517 976/1289/2518 984/1290/2519 983/1286/2520
f 976/1283/2521 978/1280/2522 981/1279/2523 980/1284/2524
f 983/1286/2525 982/1291/2526 990/1292/2527 989/1287/2528
f 982/1301/2529 984/1290/2530 987/1297/2531 986/1302/2532
f 988/1273/2533 990/1277/2534 993/1278/2535 992/1274/2536
f 995/1309/2537 994/1313/2538 1036/1314/2539 1035/1310/2540
f 996/1318/2541 995/1309/2542 1003/1308/2543 1005/1315/2544
f 994/1323/2545 996/1318/2546 999/1317/2547 998/1324/2548
f 998/1329/2549 997/1331/2550 1028/1332/2551 1027/1330/2552
f 997/1321/2553 999/1317/2554 1002/1316/2555 1001/1322/2556
f 1001/1335/2557 1000/1337/2558 1031/1338/2559 1030/1226/2560
f 1000/1319/2561 1002/1316/2562 1005/1315/2563 1004/1320/2564
f 1004/1311/2565 1003/1308/2566 1034/1307/2567 1033/1312/2568
f 1008/1151/2569 1007/1155/2570 1010/1156/2571 1009/1152/2572
s 8
f 1009/1265/2410 1010/1263/2468 1063/1262/2467 1066/1266/2411
s off
f 1013/1157/2573 1012/1154/2574 1016/1153/2575 1015/1158/2576
f 1019/1163/2577 1018/1160/2578 1022/1159/2579 1021/1164/2580
s 6
f 1023/1206/2414 1024/1201/2376 1059/1200/2375 1062/1207/2415
s off
f 1024/1169/2581 1023/1166/2582 1026/1165/2583 1025/1170/2584
s 8
f 1025/1254/2465 1026/1249/2386 1085/1248/2385 1084/1255/2466
s 7
f 1027/1230/2469 1028/1225/2381 1069/1224/2380 1068/1231/2470
f 1035/1241/2423 1036/1239/2472 1087/1238/2471 1090/1242/2424
s off
f 1037/1196/2585 1039/1192/2586 1056/1183/2587 1055/1189/2588
s 48
f 1038/1345/2589 1037/1346/2590 1040/1204/2591 1042/1344/2592
s off
f 1039/1192/2593 1038/1197/2594 1048/1198/2595 1047/1187/2596
f 1041/1199/2597 1040/1204/2598 1060/1205/2599 1059/1200/2600
f 1042/1212/2601 1041/1199/2602 1045/1211/2603 1044/1219/2604
f 1043/1221/2605 1045/1211/2606 1054/1216/2607 1053/1222/2608
s 53
f 1044/1295/2609 1043/1299/2610 1046/1298/2611 1048/1198/2612
s off
f 1047/1187/2613 1046/1195/2614 1051/1188/2615 1050/1175/2616
s 55
f 1050/1175/2617 1049/1180/2618 1058/1181/2619 1057/1176/2620
s 56
f 1049/1341/2621 1051/1188/2622 1053/1294/2623 1052/1328/2624
s 57
f 1052/1220/2625 1054/1216/2626 1062/1207/2627 1061/1213/2628
s off
f 1055/1343/2629 1058/1347/2630 1061/1348/2631 1060/1205/2632
f 1064/1268/2633 1063/1262/2634 1084/1255/2635 1083/1261/2636
f 1065/1304/2637 1064/1327/2638 1067/1236/2639 1070/1305/2640
s 61
f 1066/1266/2641 1065/1269/2642 1076/1270/2643 1075/1259/2644
s off
f 1068/1231/2645 1067/1236/2646 1088/1244/2647 1087/1238/2648
s 63
f 1070/1228/2649 1069/1224/2650 1073/1223/2651 1072/1229/2652
s off
f 1071/1237/2653 1073/1223/2654 1082/1235/2655 1081/1243/2656
s 65
f 1072/1336/2657 1071/1326/2658 1074/1293/2659 1076/1270/2660
s off
f 1075/1259/2661 1074/1267/2662 1079/1260/2663 1078/1247/2664
s 67
f 1078/1247/2665 1077/1252/2666 1086/1253/2667 1085/1248/2668
s 68
f 1077/1172/2669 1079/1260/2670 1081/1243/2671 1080/1171/2672
s 69
f 1080/1168/2673 1082/1235/2674 1090/1242/2675 1089/1167/2676
s off
f 1083/1342/2677 1086/1245/2678 1089/1246/2679 1088/1244/2680
f 971/1288/2681 972/1272/2682 973/1281/2683
f 976/1289/2684 977/1285/2685 978/1280/2686
s 5
f 979/1190/2389 980/1194/2396 981/1191/2390
s off
f 982/1291/2687 983/1286/2688 984/1290/2689
s 5
f 985/1186/2394 986/1185/2399 987/1193/2395
s off
f 988/1273/2690 989/1287/2691 990/1292/2692
s 5
f 991/1179/2373 992/1178/2372 993/1184/2398
s off
f 994/1323/2693 995/1309/2694 996/1318/2695
f 997/1321/2696 998/1324/2697 999/1317/2698
f 1000/1319/2699 1001/1322/2700 1002/1316/2701
f 1003/1308/2702 1004/1320/2703 1005/1315/2704
s 6
f 1006/1203/2378 1007/1202/2377 1008/1208/2400
f 1011/1210/2402 1012/1209/2401 1013/1217/2404
s 8
f 1014/1258/2408 1015/1257/2417 1016/1264/2409
s 6
f 1017/1214/2406 1018/1218/2405 1019/1215/2413
s 8
f 1020/1251/2388 1021/1250/2387 1022/1256/2416
s 7
f 1029/1227/2383 1030/1226/2382 1031/1232/2418
f 1032/1234/2420 1033/1233/2419 1034/1240/2422
s 48
f 1037/1196/2590 1038/1197/2589 1039/1192/2705
f 1040/1204/2591 1041/1199/2706 1042/1212/2592
s 53
f 1043/1221/2610 1044/1219/2609 1045/1211/2707
f 1046/1195/2611 1047/1187/2708 1048/1198/2612
s 56
f 1049/1180/2621 1050/1175/2709 1051/1188/2622
f 1052/1220/2624 1053/1222/2623 1054/1216/2710
s 55
f 1055/1189/2711 1056/1183/2712 1057/1176/2620 1058/1181/2619
s 57
f 1059/1200/2713 1060/1205/2714 1061/1213/2628 1062/1207/2627
s 61
f 1063/1262/2715 1064/1268/2716 1065/1269/2642 1066/1266/2641
s 63
f 1067/1236/2717 1068/1231/2718 1069/1224/2650 1070/1228/2649
s 65
f 1071/1237/2658 1072/1229/2657 1073/1223/2719
f 1074/1267/2659 1075/1259/2720 1076/1270/2660
s 68
f 1077/1252/2669 1078/1247/2721 1079/1260/2670
f 1080/1168/2672 1081/1243/2671 1082/1235/2722
s 67
f 1083/1261/2723 1084/1255/2724 1085/1248/2668 1086/1253/2667
s 69
f 1087/1238/2725 1088/1244/2726 1089/1167/2676 1090/1242/2675
g default
v -21.584199 4.097970 -0.371302
v -21.779235 4.097970 -0.754081
v -22.083008 4.097970 -1.057856
v -22.465789 4.097970 -1.252892
v -22.890103 4.097970 -1.320097
v -23.314417 4.097970 -1.252892
v -23.697196 4.097970 -1.057856
v -24.000971 4.097970 -0.754081
v -24.196007 4.097970 -0.371302
v -24.263213 4.097970 0.053013
v -24.196007 4.097970 0.477327
v -24.000971 4.097970 0.860106
v -23.697196 4.097970 1.163881
v -23.314417 4.097970 1.358917
v -22.890103 4.097970 1.426122
v -22.465789 4.097970 1.358917
v -22.083010 4.097970 1.163881
v -21.779235 4.097970 0.860106
v -21.584199 4.097970 0.477327
v -21.516995 4.097970 0.053013
v -21.584199 4.554238 -0.371302
v -21.779235 4.554238 -0.754081
v -22.083009 4.554238 -1.057856
v -22.465789 4.554238 -1.252892
v -22.890103 4.554238 -1.320097
v -23.314418 4.554238 -1.252892
v -23.697196 4.554238 -1.057856
v -24.000972 4.554238 -0.754081
v -24.196008 4.554238 -0.371302
v -24.263213 4.554238 0.053013
v -24.196008 4.554238 0.477327
v -24.000972 4.554238 0.860106
v -23.697196 4.554238 1.163881
v -23.314418 4.554238 1.358917
v -22.890103 4.554238 1.426122
v -22.465789 4.554238 1.358917
v -22.083011 4.554238 1.163881
v -21.779235 4.554238 0.860106
v -21.584199 4.554238 0.477327
v -21.516995 4.554238 0.053013
v -21.549453 4.158805 -0.453293
v -21.692479 4.158805 -0.733997
v -21.692479 4.493402 -0.733997
v -21.549453 4.493402 -0.453293
v -21.771525 4.158805 -0.842796
v -21.994294 4.158805 -1.065565
v -21.994294 4.493402 -1.065565
v -21.771525 4.493402 -0.842796
v -22.103091 4.158806 -1.144612
v -22.383797 4.158806 -1.287638
v -22.383798 4.493402 -1.287638
v -22.103091 4.493402 -1.144612
v -22.511698 4.158806 -1.329196
v -22.822861 4.158806 -1.378479
v -22.822862 4.493402 -1.378479
v -22.511699 4.493402 -1.329196
v -22.957345 4.158806 -1.378478
v -23.268510 4.158806 -1.329195
v -23.268510 4.493402 -1.329195
v -22.957345 4.493402 -1.378478
v -23.396409 4.158805 -1.287638
v -23.677111 4.158805 -1.144612
v -23.677111 4.493402 -1.144612
v -23.396409 4.493402 -1.287638
v -23.785910 4.158805 -1.065565
v -24.008681 4.158805 -0.842796
v -24.008681 4.493402 -0.842796
v -23.785910 4.493402 -1.065565
v -24.087727 4.158806 -0.733998
v -24.230753 4.158806 -0.453293
v -24.230754 4.493402 -0.453293
v -24.087727 4.493402 -0.733998
v -24.272311 4.158805 -0.325392
v -24.321595 4.158805 -0.014229
v -24.321595 4.493402 -0.014229
v -24.272311 4.493402 -0.325392
v -24.321595 4.158805 0.120254
v -24.272311 4.158805 0.431418
v -24.272311 4.493402 0.431418
v -24.321595 4.493402 0.120254
v -24.230752 4.158805 0.559318
v -24.087727 4.158805 0.840022
v -24.087727 4.493402 0.840022
v -24.230752 4.493402 0.559318
v -24.008681 4.158805 0.948821
v -23.785910 4.158805 1.171590
v -23.785910 4.493402 1.171590
v -24.008681 4.493402 0.948821
v -23.677113 4.158805 1.250637
v -23.396409 4.158805 1.393664
v -23.396409 4.493402 1.393664
v -23.677113 4.493402 1.250637
v -23.268510 4.158806 1.435220
v -22.957345 4.158806 1.484504
v -22.957345 4.493402 1.484504
v -23.268510 4.493402 1.435220
v -22.822861 4.158806 1.484504
v -22.511698 4.158806 1.435220
v -22.511699 4.493402 1.435220
v -22.822862 4.493402 1.484504
v -22.383797 4.158806 1.393663
v -22.103093 4.158806 1.250637
v -22.103093 4.493402 1.250637
v -22.383798 4.493402 1.393663
v -21.994294 4.158805 1.171590
v -21.771527 4.158805 0.948821
v -21.771527 4.493402 0.948821
v -21.994294 4.493402 1.171590
v -21.692479 4.158806 0.840023
v -21.549454 4.158806 0.559318
v -21.549455 4.493403 0.559318
v -21.692479 4.493403 0.840023
v -21.507895 4.158805 0.431417
v -21.458611 4.158805 0.120254
v -21.458612 4.493402 0.120254
v -21.507896 4.493402 0.431417
v -21.458613 4.158806 -0.014228
v -21.507895 4.158806 -0.325392
v -21.507896 4.493403 -0.325392
v -21.458613 4.493403 -0.014228
v -21.654306 4.655045 0.053013
v -21.714789 4.655045 -0.328870
v -21.890321 4.655045 -0.673372
v -22.163718 4.655045 -0.946769
v -22.508220 4.655045 -1.122301
v -22.890103 4.655045 -1.182786
v -23.271985 4.655045 -1.122301
v -23.616487 4.655045 -0.946769
v -23.889886 4.655045 -0.673372
v -24.065417 4.655045 -0.328870
v -24.125901 4.655045 0.053013
v -24.065417 4.655045 0.434895
v -23.889886 4.655045 0.779397
v -23.616487 4.655045 1.052794
v -23.271985 4.655045 1.228327
v -22.890103 4.655045 1.288811
v -22.508220 4.655045 1.228327
v -22.163720 4.655045 1.052794
v -21.890323 4.655045 0.779397
v -21.714791 4.655045 0.434895
vt 0.669592 0.430425
vt 0.655365 0.430425
vt 0.655365 0.411664
vt 0.669592 0.411664
vt 0.649302 0.430425
vt 0.635076 0.430425
vt 0.635076 0.411664
vt 0.649302 0.411664
vt 0.629013 0.430425
vt 0.614787 0.430425
vt 0.614787 0.411664
vt 0.629013 0.411664
vt 0.608724 0.430425
vt 0.594497 0.430425
vt 0.594497 0.411664
vt 0.608724 0.411664
vt 0.994218 0.430425
vt 0.979991 0.430425
vt 0.979991 0.411664
vt 0.994218 0.411664
vt 0.973929 0.430425
vt 0.959703 0.430425
vt 0.959703 0.411664
vt 0.973929 0.411664
vt 0.953640 0.430425
vt 0.939414 0.430425
vt 0.939414 0.411664
vt 0.953640 0.411664
vt 0.933351 0.430425
vt 0.919124 0.430425
vt 0.919124 0.411664
vt 0.933351 0.411664
vt 0.913061 0.430425
vt 0.898835 0.430425
vt 0.898835 0.411664
vt 0.913061 0.411664
vt 0.892772 0.430425
vt 0.878546 0.430425
vt 0.878546 0.411664
vt 0.892772 0.411664
vt 0.872483 0.430425
vt 0.858257 0.430425
vt 0.858257 0.411664
vt 0.872483 0.411664
vt 0.852194 0.430425
vt 0.837967 0.430425
vt 0.837967 0.411664
vt 0.852194 0.411664
vt 0.831904 0.430425
vt 0.817678 0.430425
vt 0.817678 0.411664
vt 0.831904 0.411664
vt 0.811615 0.430425
vt 0.797389 0.430425
vt 0.797389 0.411664
vt 0.811615 0.411664
vt 0.791326 0.430425
vt 0.777099 0.430425
vt 0.777099 0.411664
vt 0.791326 0.411664
vt 0.771037 0.430425
vt 0.756810 0.430425
vt 0.756810 0.411664
vt 0.771037 0.411664
vt 0.750748 0.430425
vt 0.736521 0.430425
vt 0.736521 0.411664
vt 0.750748 0.411664
vt 0.730458 0.430425
vt 0.716233 0.430425
vt 0.716233 0.411664
vt 0.730458 0.411664
vt 0.710170 0.430425
vt 0.695944 0.430425
vt 0.695944 0.411664
vt 0.710170 0.411664
vt 0.689881 0.430425
vt 0.675655 0.430425
vt 0.675655 0.411664
vt 0.689881 0.411664
vt 0.713201 0.433836
vt 0.733490 0.433836
vt 0.753779 0.433836
vt 0.774068 0.433836
vt 0.794357 0.433836
vt 0.814647 0.433836
vt 0.834936 0.433836
vt 0.855226 0.433836
vt 0.875515 0.433836
vt 0.895804 0.433836
vt 0.916093 0.433836
vt 0.936382 0.433836
vt 0.956671 0.433836
vt 0.976960 0.433836
vt 0.997249 0.433836
vt 0.611755 0.433836
vt 0.632045 0.433836
vt 0.652334 0.433836
vt 0.672623 0.433836
vt 0.692912 0.433836
vt 0.692912 0.402601
vt 0.672623 0.402601
vt 0.652334 0.402601
vt 0.632044 0.402601
vt 0.997249 0.402601
vt 0.976960 0.402601
vt 0.956671 0.402601
vt 0.936382 0.402601
vt 0.916093 0.402601
vt 0.895804 0.402601
vt 0.875515 0.402601
vt 0.855226 0.402601
vt 0.834936 0.402601
vt 0.814647 0.402601
vt 0.794357 0.402601
vt 0.774068 0.402601
vt 0.753779 0.402601
vt 0.733490 0.402601
vt 0.713201 0.402601
vt 0.652334 0.408253
vt 0.672623 0.408253
vt 0.632045 0.408253
vt 0.611755 0.408253
vt 0.997249 0.408253
vt 0.976960 0.408253
vt 0.956671 0.408253
vt 0.936382 0.408253
vt 0.916093 0.408253
vt 0.895804 0.408253
vt 0.875515 0.408253
vt 0.855226 0.408253
vt 0.834936 0.408253
vt 0.814647 0.408253
vt 0.794357 0.408253
vt 0.774068 0.408253
vt 0.753779 0.408253
vt 0.733490 0.408253
vt 0.713201 0.408253
vt 0.692912 0.408253
vt 0.611755 0.402601
vt 0.591466 0.402601
vt 0.977797 0.313640
vt 0.973836 0.338647
vt 0.962342 0.361207
vt 0.944439 0.379110
vt 0.921879 0.390604
vt 0.896872 0.394565
vt 0.871864 0.390604
vt 0.849305 0.379110
vt 0.831402 0.361207
vt 0.819907 0.338647
vt 0.815946 0.313640
vt 0.819907 0.288632
vt 0.831402 0.266073
vt 0.849305 0.248170
vt 0.871864 0.236675
vt 0.896872 0.232714
vt 0.921879 0.236675
vt 0.944439 0.248170
vt 0.591466 0.433836
vt 0.591466 0.408253
vt 0.962342 0.266073
vt 0.973836 0.288632
vn 0.891006 0.000001 -0.453991
vn 0.891006 0.000001 -0.453991
vn 0.891006 0.000001 -0.453991
vn 0.891006 0.000001 -0.453991
vn 0.707107 0.000000 -0.707107
vn 0.707107 0.000000 -0.707107
vn 0.707107 0.000000 -0.707107
vn 0.707107 0.000000 -0.707107
vn 0.453988 0.000000 -0.891008
vn 0.453988 0.000000 -0.891008
vn 0.453988 0.000000 -0.891008
vn 0.453988 0.000000 -0.891008
vn 0.156434 0.000000 -0.987688
vn 0.156434 0.000000 -0.987688
vn 0.156434 0.000000 -0.987688
vn 0.156434 0.000000 -0.987688
vn -0.156434 -0.000000 -0.987688
vn -0.156434 -0.000000 -0.987688
vn -0.156434 -0.000000 -0.987688
vn -0.156434 -0.000000 -0.987688
vn -0.453994 -0.000000 -0.891005
vn -0.453994 -0.000000 -0.891005
vn -0.453994 -0.000000 -0.891005
vn -0.453994 -0.000000 -0.891005
vn -0.707103 -0.000000 -0.707110
vn -0.707103 -0.000000 -0.707110
vn -0.707103 -0.000000 -0.707110
vn -0.707103 -0.000000 -0.707110
vn -0.891006 -0.000001 -0.453991
vn -0.891006 -0.000001 -0.453991
vn -0.891006 -0.000001 -0.453991
vn -0.891006 -0.000001 -0.453991
vn -0.987688 -0.000001 -0.156436
vn -0.987688 -0.000001 -0.156436
vn -0.987688 -0.000001 -0.156436
vn -0.987688 -0.000001 -0.156436
vn -0.987688 -0.000001 0.156436
vn -0.987688 -0.000001 0.156436
vn -0.987688 -0.000001 0.156436
vn -0.987688 -0.000001 0.156436
vn -0.891009 -0.000001 0.453986
vn -0.891009 -0.000001 0.453986
vn -0.891009 -0.000001 0.453986
vn -0.891009 -0.000001 0.453986
vn -0.707104 -0.000000 0.707110
vn -0.707104 -0.000000 0.707110
vn -0.707104 -0.000000 0.707110
vn -0.707104 -0.000000 0.707110
vn -0.453991 -0.000000 0.891006
vn -0.453991 -0.000000 0.891006
vn -0.453991 -0.000000 0.891006
vn -0.453991 -0.000000 0.891006
vn -0.156434 -0.000000 0.987688
vn -0.156434 -0.000000 0.987688
vn -0.156434 -0.000000 0.987688
vn -0.156434 -0.000000 0.987688
vn 0.156435 0.000000 0.987688
vn 0.156435 0.000000 0.987688
vn 0.156435 0.000000 0.987688
vn 0.156435 0.000000 0.987688
vn 0.453991 0.000000 0.891006
vn 0.453991 0.000000 0.891006
vn 0.453991 0.000000 0.891006
vn 0.453991 0.000000 0.891006
vn 0.707110 0.000000 0.707104
vn 0.707110 0.000000 0.707104
vn 0.707110 0.000000 0.707104
vn 0.707110 0.000000 0.707104
vn 0.891009 0.000001 0.453986
vn 0.891009 0.000001 0.453986
vn 0.891009 0.000001 0.453986
vn 0.891009 0.000001 0.453986
vn 0.987688 0.000001 0.156436
vn 0.987688 0.000001 0.156436
vn 0.987688 0.000001 0.156436
vn 0.987688 0.000001 0.156436
vn 0.987689 0.000000 -0.156430
vn 0.987689 0.000000 -0.156430
vn 0.987689 0.000000 -0.156430
vn 0.987689 0.000000 -0.156430
vn 0.000000 -1.000000 0.000000
vn 0.000000 -1.000000 0.000000
vn 0.000000 -1.000000 0.000000
vn 0.000000 -1.000000 0.000000
vn 0.000000 -1.000000 0.000000
vn 0.000000 -1.000000 0.000000
vn 0.000000 -1.000000 0.000000
vn 0.000000 -1.000000 0.000000
vn 0.000000 -1.000000 0.000000
vn 0.000000 -1.000000 0.000000
vn 0.000000 -1.000000 0.000000
vn 0.000000 -1.000000 0.000000
vn 0.000000 -1.000000 0.000000
vn 0.000000 -1.000000 0.000000
vn 0.000000 -1.000000 0.000000
vn 0.000000 -1.000000 0.000000
vn 0.000000 -1.000000 0.000000
vn 0.000000 -1.000000 0.000000
vn 0.000000 -1.000000 0.000000
vn 0.000000 -1.000000 0.000000
vn 0.000000 1.000000 0.000000
vn 0.000000 1.000000 0.000000
vn 0.000000 1.000000 0.000000
vn 0.000000 1.000000 0.000000
vn 0.000000 1.000000 0.000000
vn 0.000000 1.000000 0.000000
vn 0.000000 1.000000 0.000000
vn 0.000000 1.000000 0.000000
vn 0.000000 1.000000 0.000000
vn 0.000000 1.000000 0.000000
vn 0.000000 1.000000 0.000000
vn 0.000000 1.000000 0.000000
vn 0.000000 1.000000 0.000000
vn 0.000000 1.000000 0.000000
vn 0.000000 1.000000 0.000000
vn 0.000000 1.000000 0.000000
vn 0.000000 1.000000 0.000000
vn 0.000000 1.000000 0.000000
vn 0.000000 1.000000 0.000000
vn 0.000000 1.000000 0.000000
vn 0.593198 -0.746164 -0.302250
vn 0.593198 -0.746164 -0.302250
vn 0.593198 -0.746164 -0.302250
vn 0.593198 -0.746164 -0.302250
vn 0.225530 0.000000 -0.974236
vn 0.225530 0.000000 -0.974236
vn 0.225530 0.000000 -0.974236
vn 0.225530 0.000000 -0.974236
vn 0.505881 0.780382 -0.367544
vn 0.594698 0.780382 -0.193228
vn 0.593201 0.746161 -0.302251
vn 0.593201 0.746161 -0.302251
vn 0.920735 0.000001 0.390189
vn 0.920735 0.000001 0.390189
vn 0.920735 0.000001 0.390189
vn 0.920735 0.000001 0.390189
vn 0.470767 -0.746162 -0.470766
vn 0.470767 -0.746162 -0.470766
vn 0.470767 -0.746162 -0.470766
vn 0.470767 -0.746162 -0.470766
vn -0.086565 -0.000000 -0.996246
vn -0.086565 -0.000000 -0.996246
vn -0.086565 -0.000000 -0.996246
vn -0.086565 -0.000000 -0.996246
vn 0.367544 0.780382 -0.505881
vn 0.470769 0.746160 -0.470767
vn 0.470769 0.746160 -0.470767
vn 0.996245 0.000001 0.086576
vn 0.996245 0.000001 0.086576
vn 0.996245 0.000001 0.086576
vn 0.996245 0.000001 0.086576
vn 0.302250 -0.746162 -0.593201
vn 0.302250 -0.746162 -0.593201
vn 0.302250 -0.746162 -0.593201
vn 0.302250 -0.746162 -0.593201
vn -0.390186 -0.000000 -0.920736
vn -0.390186 -0.000000 -0.920736
vn -0.390186 -0.000000 -0.920736
vn -0.390186 -0.000000 -0.920736
vn 0.193229 0.780382 -0.594698
vn 0.302250 0.746161 -0.593201
vn 0.302250 0.746161 -0.593201
vn 0.974239 0.000001 -0.225520
vn 0.974239 0.000001 -0.225520
vn 0.974239 0.000001 -0.225520
vn 0.974239 0.000001 -0.225520
vn 0.104148 -0.746162 -0.657568
vn 0.104148 -0.746162 -0.657568
vn 0.104148 -0.746162 -0.657568
vn 0.104148 -0.746162 -0.657568
vn -0.655611 -0.000000 -0.755099
vn -0.655611 -0.000000 -0.755099
vn -0.655611 -0.000000 -0.755099
vn -0.655611 -0.000000 -0.755099
vn -0.000000 0.780382 -0.625303
vn 0.104148 0.746162 -0.657568
vn 0.104148 0.746162 -0.657568
vn 0.856859 0.000001 -0.515550
vn 0.856859 0.000001 -0.515550
vn 0.856859 0.000001 -0.515550
vn 0.856859 0.000001 -0.515550
vn -0.104149 -0.746159 -0.657571
vn -0.104149 -0.746159 -0.657571
vn -0.104149 -0.746159 -0.657571
vn -0.104149 -0.746159 -0.657571
vn -0.856867 -0.000000 -0.515538
vn -0.856867 -0.000000 -0.515538
vn -0.856867 -0.000000 -0.515538
vn -0.856867 -0.000000 -0.515538
vn -0.193230 0.780382 -0.594698
vn -0.104149 0.746159 -0.657571
vn -0.104149 0.746159 -0.657571
vn 0.655606 0.000000 -0.755103
vn 0.655606 0.000000 -0.755103
vn 0.655606 0.000000 -0.755103
vn 0.655606 0.000000 -0.755103
vn -0.302252 -0.746163 -0.593199
vn -0.302252 -0.746163 -0.593199
vn -0.302252 -0.746163 -0.593199
vn -0.302252 -0.746163 -0.593199
vn -0.974234 -0.000001 -0.225541
vn -0.974234 -0.000001 -0.225541
vn -0.974234 -0.000001 -0.225541
vn -0.974234 -0.000001 -0.225541
vn -0.367544 0.780382 -0.505881
vn -0.302253 0.746160 -0.593202
vn -0.302253 0.746160 -0.593202
vn 0.390188 0.000000 -0.920735
vn 0.390188 0.000000 -0.920735
vn 0.390188 0.000000 -0.920735
vn 0.390188 0.000000 -0.920735
vn -0.470764 -0.746164 -0.470766
vn -0.470764 -0.746164 -0.470766
vn -0.470764 -0.746164 -0.470766
vn -0.470764 -0.746164 -0.470766
vn -0.996245 -0.000001 0.086575
vn -0.996245 -0.000001 0.086575
vn -0.996245 -0.000001 0.086575
vn -0.996245 -0.000001 0.086575
vn -0.505880 0.780382 -0.367544
vn -0.470766 0.746161 -0.470769
vn -0.470766 0.746161 -0.470769
vn 0.086568 0.000000 -0.996246
vn 0.086568 0.000000 -0.996246
vn 0.086568 0.000000 -0.996246
vn 0.086568 0.000000 -0.996246
vn -0.593200 -0.746163 -0.302251
vn -0.593200 -0.746163 -0.302251
vn -0.593200 -0.746163 -0.302251
vn -0.593200 -0.746163 -0.302251
vn -0.920736 -0.000001 0.390187
vn -0.920736 -0.000001 0.390187
vn -0.920736 -0.000001 0.390187
vn -0.920736 -0.000001 0.390187
vn -0.594698 0.780383 -0.193229
vn -0.593200 0.746162 -0.302251
vn -0.593200 0.746162 -0.302251
vn -0.225524 -0.000000 -0.974238
vn -0.225524 -0.000000 -0.974238
vn -0.225524 -0.000000 -0.974238
vn -0.225524 -0.000000 -0.974238
vn -0.657566 -0.746163 -0.104149
vn -0.657566 -0.746163 -0.104149
vn -0.657566 -0.746163 -0.104149
vn -0.657566 -0.746163 -0.104149
vn -0.755099 -0.000001 0.655611
vn -0.755099 -0.000001 0.655611
vn -0.755099 -0.000001 0.655611
vn -0.755099 -0.000001 0.655611
vn -0.625302 0.780383 0.000000
vn -0.657568 0.746161 -0.104150
vn -0.657568 0.746161 -0.104150
vn -0.515544 -0.000000 -0.856863
vn -0.515544 -0.000000 -0.856863
vn -0.515544 -0.000000 -0.856863
vn -0.515544 -0.000000 -0.856863
vn -0.657565 -0.746164 0.104149
vn -0.657565 -0.746164 0.104149
vn -0.657565 -0.746164 0.104149
vn -0.657565 -0.746164 0.104149
vn -0.515544 -0.000000 0.856863
vn -0.515544 -0.000000 0.856863
vn -0.515544 -0.000000 0.856863
vn -0.515544 -0.000000 0.856863
vn -0.594699 0.780381 0.193229
vn -0.657568 0.746162 0.104150
vn -0.657568 0.746162 0.104150
vn -0.755099 -0.000001 -0.655611
vn -0.755099 -0.000001 -0.655611
vn -0.755099 -0.000001 -0.655611
vn -0.755099 -0.000001 -0.655611
vn -0.593204 -0.746159 0.302251
vn -0.593204 -0.746159 0.302251
vn -0.593204 -0.746159 0.302251
vn -0.593204 -0.746159 0.302251
vn -0.225532 -0.000000 0.974236
vn -0.225532 -0.000000 0.974236
vn -0.225532 -0.000000 0.974236
vn -0.225532 -0.000000 0.974236
vn -0.505882 0.780381 0.367545
vn -0.593207 0.746157 0.302252
vn -0.593207 0.746157 0.302252
vn -0.920742 -0.000001 -0.390171
vn -0.920742 -0.000001 -0.390171
vn -0.920742 -0.000001 -0.390171
vn -0.920742 -0.000001 -0.390171
vn -0.470764 -0.746164 0.470766
vn -0.470764 -0.746164 0.470766
vn -0.470764 -0.746164 0.470766
vn -0.470764 -0.746164 0.470766
vn 0.086567 0.000000 0.996246
vn 0.086567 0.000000 0.996246
vn 0.086567 0.000000 0.996246
vn 0.086567 0.000000 0.996246
vn -0.367543 0.780382 0.505881
vn -0.470767 0.746160 0.470769
vn -0.470767 0.746160 0.470769
vn -0.996245 -0.000001 -0.086575
vn -0.996245 -0.000001 -0.086575
vn -0.996245 -0.000001 -0.086575
vn -0.996245 -0.000001 -0.086575
vn -0.302250 -0.746166 0.593196
vn -0.302250 -0.746166 0.593196
vn -0.302250 -0.746166 0.593196
vn -0.302250 -0.746166 0.593196
vn 0.390190 0.000000 0.920734
vn 0.390190 0.000000 0.920734
vn 0.390190 0.000000 0.920734
vn 0.390190 0.000000 0.920734
vn -0.193229 0.780383 0.594697
vn -0.302251 0.746163 0.593199
vn -0.302251 0.746163 0.593199
vn -0.974239 -0.000001 0.225520
vn -0.974239 -0.000001 0.225520
vn -0.974239 -0.000001 0.225520
vn -0.974239 -0.000001 0.225520
vn -0.104148 -0.746161 0.657569
vn -0.104148 -0.746161 0.657569
vn -0.104148 -0.746161 0.657569
vn -0.104148 -0.746161 0.657569
vn 0.655610 0.000000 0.755100
vn 0.655610 0.000000 0.755100
vn 0.655610 0.000000 0.755100
vn 0.655610 0.000000 0.755100
vn 0.000000 0.780382 0.625303
vn -0.104148 0.746161 0.657569
vn -0.104148 0.746161 0.657569
vn -0.856867 -0.000000 0.515537
vn -0.856867 -0.000000 0.515537
vn -0.856867 -0.000000 0.515537
vn -0.856867 -0.000000 0.515537
vn 0.104149 -0.746160 0.657570
vn 0.104149 -0.746160 0.657570
vn 0.104149 -0.746160 0.657570
vn 0.104149 -0.746160 0.657570
vn 0.856858 0.000000 0.515553
vn 0.856858 0.000000 0.515553
vn 0.856858 0.000000 0.515553
vn 0.856858 0.000000 0.515553
vn 0.193230 0.780382 0.594698
vn 0.104149 0.746160 0.657570
vn 0.104149 0.746160 0.657570
vn -0.655609 -0.000000 0.755100
vn -0.655609 -0.000000 0.755100
vn -0.655609 -0.000000 0.755100
vn -0.655609 -0.000000 0.755100
vn 0.302252 -0.746161 0.593201
vn 0.302252 -0.746161 0.593201
vn 0.302252 -0.746161 0.593201
vn 0.302252 -0.746161 0.593201
vn 0.974238 0.000000 0.225521
vn 0.974238 0.000000 0.225521
vn 0.974238 0.000000 0.225521
vn 0.974238 0.000000 0.225521
vn 0.367544 0.780383 0.505880
vn 0.302252 0.746161 0.593201
vn 0.302252 0.746161 0.593201
vn -0.390186 -0.000000 0.920736
vn -0.390186 -0.000000 0.920736
vn -0.390186 -0.000000 0.920736
vn -0.390186 -0.000000 0.920736
vn 0.470766 -0.746164 0.470764
vn 0.470766 -0.746164 0.470764
vn 0.470766 -0.746164 0.470764
vn 0.470766 -0.746164 0.470764
vn 0.996247 0.000001 -0.086554
vn 0.996247 0.000001 -0.086554
vn 0.996247 0.000001 -0.086554
vn 0.996247 0.000001 -0.086554
vn 0.505880 0.780383 0.367542
vn 0.470768 0.746161 0.470766
vn 0.470768 0.746161 0.470766
vn -0.086565 -0.000000 0.996246
vn -0.086565 -0.000000 0.996246
vn -0.086565 -0.000000 0.996246
vn -0.086565 -0.000000 0.996246
vn 0.593205 -0.746158 0.302252
vn 0.593205 -0.746158 0.302252
vn 0.593205 -0.746158 0.302252
vn 0.593205 -0.746158 0.302252
vn 0.920743 0.000001 -0.390170
vn 0.920743 0.000001 -0.390170
vn 0.920743 0.000001 -0.390170
vn 0.920743 0.000001 -0.390170
vn 0.594696 0.780384 0.193228
vn 0.593203 0.746160 0.302250
vn 0.593203 0.746160 0.302250
vn 0.225527 0.000000 0.974237
vn 0.225527 0.000000 0.974237
vn 0.225527 0.000000 0.974237
vn 0.225527 0.000000 0.974237
vn 0.657561 -0.746169 0.104147
vn 0.657561 -0.746169 0.104147
vn 0.657561 -0.746169 0.104147
vn 0.657561 -0.746169 0.104147
vn 0.755087 0.000001 -0.655624
vn 0.755087 0.000001 -0.655624
vn 0.755087 0.000001 -0.655624
vn 0.755087 0.000001 -0.655624
vn 0.625301 0.780384 0.000001
vn 0.657564 0.746166 0.104147
vn 0.657564 0.746166 0.104147
vn 0.515545 0.000000 0.856862
vn 0.515545 0.000000 0.856862
vn 0.515545 0.000000 0.856862
vn 0.515545 0.000000 0.856862
vn 0.657569 -0.746161 -0.104146
vn 0.657569 -0.746161 -0.104146
vn 0.657569 -0.746161 -0.104146
vn 0.657569 -0.746161 -0.104146
vn 0.515545 0.000000 -0.856862
vn 0.515545 0.000000 -0.856862
vn 0.515545 0.000000 -0.856862
vn 0.515545 0.000000 -0.856862
vn 0.657566 0.746164 -0.104146
vn 0.657566 0.746164 -0.104146
vn 0.755098 0.000000 0.655612
vn 0.755098 0.000000 0.655612
vn 0.755098 0.000000 0.655612
vn 0.755098 0.000000 0.655612
vn 0.562828 0.806090 -0.182873
vn 0.591791 0.806091 0.000001
vn 0.478770 0.806091 -0.347846
vn 0.347846 0.806091 -0.478769
vn 0.182874 0.806091 -0.562827
vn -0.000000 0.806091 -0.591791
vn -0.182874 0.806092 -0.562826
vn -0.347846 0.806091 -0.478769
vn -0.478770 0.806090 -0.347847
vn -0.562827 0.806091 -0.182873
vn -0.591790 0.806092 0.000000
vn -0.562827 0.806091 0.182874
vn -0.478770 0.806091 0.347847
vn -0.347846 0.806091 0.478769
vn -0.182873 0.806092 0.562826
vn -0.000000 0.806091 0.591791
vn 0.182874 0.806091 0.562827
vn 0.347846 0.806092 0.478768
vn 0.478767 0.806093 0.347845
vn 0.562825 0.806093 0.182873
s off
g mg pCylinder10
usemtl blinn7SG
f 1131/1349/2727 1132/1350/2728 1133/1351/2729 1134/1352/2730
f 1135/1353/2731 1136/1354/2732 1137/1355/2733 1138/1356/2734
f 1139/1357/2735 1140/1358/2736 1141/1359/2737 1142/1360/2738
f 1143/1361/2739 1144/1362/2740 1145/1363/2741 1146/1364/2742
f 1147/1365/2743 1148/1366/2744 1149/1367/2745 1150/1368/2746
f 1151/1369/2747 1152/1370/2748 1153/1371/2749 1154/1372/2750
f 1155/1373/2751 1156/1374/2752 1157/1375/2753 1158/1376/2754
f 1159/1377/2755 1160/1378/2756 1161/1379/2757 1162/1380/2758
f 1163/1381/2759 1164/1382/2760 1165/1383/2761 1166/1384/2762
f 1167/1385/2763 1168/1386/2764 1169/1387/2765 1170/1388/2766
f 1171/1389/2767 1172/1390/2768 1173/1391/2769 1174/1392/2770
f 1175/1393/2771 1176/1394/2772 1177/1395/2773 1178/1396/2774
f 1179/1397/2775 1180/1398/2776 1181/1399/2777 1182/1400/2778
f 1183/1401/2779 1184/1402/2780 1185/1403/2781 1186/1404/2782
f 1187/1405/2783 1188/1406/2784 1189/1407/2785 1190/1408/2786
f 1191/1409/2787 1192/1410/2788 1193/1411/2789 1194/1412/2790
f 1195/1413/2791 1196/1414/2792 1197/1415/2793 1198/1416/2794
f 1199/1417/2795 1200/1418/2796 1201/1419/2797 1202/1420/2798
f 1203/1421/2799 1204/1422/2800 1205/1423/2801 1206/1424/2802
f 1207/1425/2803 1208/1426/2804 1209/1427/2805 1210/1428/2806
f 1109/1429/2807 1108/1430/2808 1107/1431/2809 1106/1432/2810 1105/1433/2811 1104/1434/2812 1103/1435/2813 1102/1436/2814 1101/1437/2815 1100/1438/2816 1099/1439/2817 1098/1440/2818 1097/1441/2819 1096/1442/2820 1095/1508/2821 1094/1444/2822 1093/1445/2823 1092/1446/2824 1091/1447/2825 1110/1448/2826
f 1211/1490/2827 1212/1491/2828 1213/1492/2829 1214/1493/2830 1215/1494/2831 1216/1495/2832 1217/1496/2833 1218/1497/2834 1219/1498/2835 1220/1499/2836 1221/1500/2837 1222/1501/2838 1223/1502/2839 1224/1503/2840 1225/1504/2841 1226/1505/2842 1227/1506/2843 1228/1507/2844 1229/1510/2845 1230/1511/2846
f 1091/1447/2847 1092/1446/2848 1132/1350/2849 1131/1349/2850
f 1092/1446/2851 1112/1468/2852 1133/1351/2853 1132/1350/2854
s 25
f 1112/1468/2855 1111/1469/2856 1134/1352/2857 1133/1351/2858
s off
f 1111/1469/2859 1091/1447/2860 1131/1349/2861 1134/1352/2862
f 1092/1446/2863 1093/1445/2864 1136/1354/2865 1135/1353/2866
f 1093/1445/2867 1113/1470/2868 1137/1355/2869 1136/1354/2870
s 25
f 1113/1470/2871 1112/1468/2855 1138/1356/2872 1137/1355/2873
s off
f 1112/1468/2874 1092/1446/2875 1135/1353/2876 1138/1356/2877
f 1093/1445/2878 1094/1444/2879 1140/1358/2880 1139/1357/2881
f 1094/1444/2882 1114/1471/2883 1141/1359/2884 1140/1358/2885
s 25
f 1114/1471/2886 1113/1470/2871 1142/1360/2887 1141/1359/2888
s off
f 1113/1470/2889 1093/1445/2890 1139/1357/2891 1142/1360/2892
f 1094/1444/2893 1095/1508/2894 1144/1362/2895 1143/1361/2896
f 1095/1508/2897 1115/1509/2898 1145/1363/2899 1144/1362/2900
s 25
f 1115/1509/2901 1114/1471/2886 1146/1364/2902 1145/1363/2903
s off
f 1114/1471/2904 1094/1444/2905 1143/1361/2906 1146/1364/2907
f 1095/1443/2908 1096/1442/2909 1148/1366/2910 1147/1365/2911
f 1096/1442/2912 1116/1473/2913 1149/1367/2914 1148/1366/2915
s 25
f 1116/1473/2916 1115/1472/2901 1150/1368/2917 1149/1367/2918
s off
f 1115/1472/2919 1095/1443/2920 1147/1365/2921 1150/1368/2922
f 1096/1442/2923 1097/1441/2924 1152/1370/2925 1151/1369/2926
f 1097/1441/2927 1117/1474/2928 1153/1371/2929 1152/1370/2930
s 25
f 1117/1474/2931 1116/1473/2916 1154/1372/2932 1153/1371/2933
s off
f 1116/1473/2934 1096/1442/2935 1151/1369/2936 1154/1372/2937
f 1097/1441/2938 1098/1440/2939 1156/1374/2940 1155/1373/2941
f 1098/1440/2942 1118/1475/2943 1157/1375/2944 1156/1374/2945
s 25
f 1118/1475/2946 1117/1474/2931 1158/1376/2947 1157/1375/2948
s off
f 1117/1474/2949 1097/1441/2950 1155/1373/2951 1158/1376/2952
f 1098/1440/2953 1099/1439/2954 1160/1378/2955 1159/1377/2956
f 1099/1439/2957 1119/1476/2958 1161/1379/2959 1160/1378/2960
s 25
f 1119/1476/2961 1118/1475/2946 1162/1380/2962 1161/1379/2963
s off
f 1118/1475/2964 1098/1440/2965 1159/1377/2966 1162/1380/2967
f 1099/1439/2968 1100/1438/2969 1164/1382/2970 1163/1381/2971
f 1100/1438/2972 1120/1477/2973 1165/1383/2974 1164/1382/2975
s 25
f 1120/1477/2976 1119/1476/2961 1166/1384/2977 1165/1383/2978
s off
f 1119/1476/2979 1099/1439/2980 1163/1381/2981 1166/1384/2982
f 1100/1438/2983 1101/1437/2984 1168/1386/2985 1167/1385/2986
f 1101/1437/2987 1121/1478/2988 1169/1387/2989 1168/1386/2990
s 25
f 1121/1478/2991 1120/1477/2976 1170/1388/2992 1169/1387/2993
s off
f 1120/1477/2994 1100/1438/2995 1167/1385/2996 1170/1388/2997
f 1101/1437/2998 1102/1436/2999 1172/1390/3000 1171/1389/3001
f 1102/1436/3002 1122/1479/3003 1173/1391/3004 1172/1390/3005
s 25
f 1122/1479/3006 1121/1478/2991 1174/1392/3007 1173/1391/3008
s off
f 1121/1478/3009 1101/1437/3010 1171/1389/3011 1174/1392/3012
f 1102/1436/3013 1103/1435/3014 1176/1394/3015 1175/1393/3016
f 1103/1435/3017 1123/1480/3018 1177/1395/3019 1176/1394/3020
s 25
f 1123/1480/3021 1122/1479/3006 1178/1396/3022 1177/1395/3023
s off
f 1122/1479/3024 1102/1436/3025 1175/1393/3026 1178/1396/3027
f 1103/1435/3028 1104/1434/3029 1180/1398/3030 1179/1397/3031
f 1104/1434/3032 1124/1481/3033 1181/1399/3034 1180/1398/3035
s 25
f 1124/1481/3036 1123/1480/3021 1182/1400/3037 1181/1399/3038
s off
f 1123/1480/3039 1103/1435/3040 1179/1397/3041 1182/1400/3042
f 1104/1434/3043 1105/1433/3044 1184/1402/3045 1183/1401/3046
f 1105/1433/3047 1125/1482/3048 1185/1403/3049 1184/1402/3050
s 25
f 1125/1482/3051 1124/1481/3036 1186/1404/3052 1185/1403/3053
s off
f 1124/1481/3054 1104/1434/3055 1183/1401/3056 1186/1404/3057
f 1105/1433/3058 1106/1432/3059 1188/1406/3060 1187/1405/3061
f 1106/1432/3062 1126/1483/3063 1189/1407/3064 1188/1406/3065
s 25
f 1126/1483/3066 1125/1482/3051 1190/1408/3067 1189/1407/3068
s off
f 1125/1482/3069 1105/1433/3070 1187/1405/3071 1190/1408/3072
f 1106/1432/3073 1107/1431/3074 1192/1410/3075 1191/1409/3076
f 1107/1431/3077 1127/1484/3078 1193/1411/3079 1192/1410/3080
s 25
f 1127/1484/3081 1126/1483/3066 1194/1412/3082 1193/1411/3083
s off
f 1126/1483/3084 1106/1432/3085 1191/1409/3086 1194/1412/3087
f 1107/1431/3088 1108/1430/3089 1196/1414/3090 1195/1413/3091
f 1108/1430/3092 1128/1485/3093 1197/1415/3094 1196/1414/3095
s 25
f 1128/1485/3096 1127/1484/3081 1198/1416/3097 1197/1415/3098
s off
f 1127/1484/3099 1107/1431/3100 1195/1413/3101 1198/1416/3102
f 1108/1430/3103 1109/1429/3104 1200/1418/3105 1199/1417/3106
f 1109/1429/3107 1129/1486/3108 1201/1419/3109 1200/1418/3110
s 25
f 1129/1486/3111 1128/1485/3096 1202/1420/3112 1201/1419/3113
s off
f 1128/1485/3114 1108/1430/3115 1199/1417/3116 1202/1420/3117
f 1109/1429/3118 1110/1448/3119 1204/1422/3120 1203/1421/3121
f 1110/1448/3122 1130/1487/3123 1205/1423/3124 1204/1422/3125
s 25
f 1130/1487/3126 1129/1486/3111 1206/1424/3127 1205/1423/3128
s off
f 1129/1486/3129 1109/1429/3130 1203/1421/3131 1206/1424/3132
f 1110/1448/3133 1091/1447/3134 1208/1426/3135 1207/1425/3136
f 1091/1447/3137 1111/1469/3138 1209/1427/3139 1208/1426/3140
s 25
f 1111/1469/2856 1130/1487/3126 1210/1428/3141 1209/1427/3142
s off
f 1130/1487/3143 1110/1448/3144 1207/1425/3145 1210/1428/3146
s 25
f 1130/1487/3126 1111/1469/2856 1212/1450/3147 1211/1449/3148
f 1111/1469/2856 1112/1468/2855 1213/1451/3149 1212/1450/3147
f 1112/1468/2855 1113/1470/2871 1214/1452/3150 1213/1451/3149
f 1113/1470/2871 1114/1471/2886 1215/1488/3151 1214/1452/3150
f 1114/1471/2886 1115/1509/2901 1216/1489/3152 1215/1488/3151
f 1115/1472/2901 1116/1473/2916 1217/1454/3153 1216/1453/3152
f 1116/1473/2916 1117/1474/2931 1218/1455/3154 1217/1454/3153
f 1117/1474/2931 1118/1475/2946 1219/1456/3155 1218/1455/3154
f 1118/1475/2946 1119/1476/2961 1220/1457/3156 1219/1456/3155
f 1119/1476/2961 1120/1477/2976 1221/1458/3157 1220/1457/3156
f 1120/1477/2976 1121/1478/2991 1222/1459/3158 1221/1458/3157
f 1121/1478/2991 1122/1479/3006 1223/1460/3159 1222/1459/3158
f 1122/1479/3006 1123/1480/3021 1224/1461/3160 1223/1460/3159
f 1123/1480/3021 1124/1481/3036 1225/1462/3161 1224/1461/3160
f 1124/1481/3036 1125/1482/3051 1226/1463/3162 1225/1462/3161
f 1125/1482/3051 1126/1483/3066 1227/1464/3163 1226/1463/3162
f 1126/1483/3066 1127/1484/3081 1228/1465/3164 1227/1464/3163
f 1127/1484/3081 1128/1485/3096 1229/1466/3165 1228/1465/3164
f 1128/1485/3096 1129/1486/3111 1230/1467/3166 1229/1466/3165
f 1129/1486/3111 1130/1487/3126 1211/1449/3148 1230/1467/3166
g default
v -24.472804 3.610694 1.066548
v -24.460576 3.598466 1.066548
v -24.460576 3.610694 1.078776
v -23.907700 3.598466 1.066548
v -23.895472 3.610694 1.066548
v -23.907700 3.610694 1.078776
v -24.439547 4.037231 1.066548
v -24.460576 4.037231 1.052328
v -24.472804 4.025003 1.066548
v -24.460576 4.025003 1.078776
v -23.907700 4.037231 1.052328
v -23.928729 4.037231 1.066548
v -23.907700 4.025003 1.078776
v -23.895472 4.025003 1.066548
v -24.460576 4.037231 0.614316
v -24.439547 4.037231 0.600096
v -24.460576 4.025003 0.587869
v -24.472804 4.025003 0.600096
v -23.928729 4.037231 0.600096
v -23.907700 4.037231 0.614316
v -23.895472 4.025003 0.600096
v -23.907700 4.025003 0.587869
v -24.460576 3.598466 0.600096
v -24.472804 3.610694 0.600096
v -24.460576 3.610694 0.587869
v -23.895472 3.610694 0.600096
v -23.907700 3.598466 0.600096
v -23.907700 3.610694 0.587869
v -24.359221 4.048834 0.996452
v -24.371449 4.049458 0.983774
v -24.383677 4.037231 0.986941
v -24.366953 4.037231 1.004822
v -23.996827 4.049458 0.983774
v -24.009055 4.048834 0.996452
v -24.001322 4.037231 1.004822
v -23.984599 4.037231 0.986941
v -24.009055 4.048834 0.677908
v -23.996827 4.049458 0.691001
v -23.984599 4.037231 0.679704
v -24.001322 4.037231 0.661822
v -24.371449 4.049458 0.691001
v -24.359221 4.048834 0.677908
v -24.366953 4.037231 0.661822
v -24.383677 4.037231 0.679704
v -24.359223 4.979135 1.293485
v -24.371451 4.966907 1.288762
v -24.359223 4.967531 1.301855
v -23.996827 4.966907 1.288762
v -24.009055 4.979135 1.293485
v -24.009055 4.967531 1.301855
v -24.009055 4.967531 0.983311
v -24.009055 4.979135 0.999396
v -23.996827 4.966907 0.995989
v -24.371451 4.966907 0.995989
v -24.359223 4.979135 0.999396
v -24.359223 4.967531 0.983311
vt 0.636944 0.154193
vt 0.704240 0.073902
vt 0.573527 0.153165
vt 0.573677 0.213168
vt 0.506122 0.213337
vt 0.573979 0.012476
vt 0.507760 0.073952
vt 0.506440 0.013963
vt 0.562369 0.140988
vt 0.571343 0.151399
vt 0.508147 0.151557
vt 0.506504 0.150897
vt 0.518413 0.086095
vt 0.509709 0.075680
vt 0.564687 0.087464
vt 0.573149 0.077442
vt 0.853511 0.206185
vt 0.803142 0.187067
vt 0.810390 0.013852
vt 0.860758 0.032970
vt 0.922351 0.209932
vt 0.865228 0.033787
vt 0.978579 0.196647
vt 0.926879 0.209349
vt 0.934132 0.036006
vt 0.798675 0.186174
vt 0.734387 0.181302
vt 0.741458 0.012302
vt 0.704499 0.153974
vt 0.704505 0.155745
vt 0.636949 0.155964
vt 0.444729 0.155714
vt 0.504733 0.155714
vt 0.704234 0.072131
vt 0.636684 0.074121
vt 0.636678 0.072350
vt 0.444730 0.073870
vt 0.611321 0.172713
vt 0.517389 0.140830
vt 0.505972 0.153334
vt 0.517215 0.141035
vt 0.574904 0.072550
vt 0.635173 0.154199
vt 0.504734 0.073871
vt 0.506505 0.076916
vt 0.635179 0.155970
vt 0.562677 0.141350
vt 0.564926 0.087183
vt 0.575299 0.072466
vt 0.573428 0.074278
vt 0.573388 0.151283
vt 0.670502 0.224882
vt 0.575175 0.156164
vt 0.609752 0.223974
vt 0.611795 0.223384
vt 0.574910 0.074321
vt 0.634908 0.072356
vt 0.573139 0.074327
vt 0.634913 0.074126
vt 0.863000 0.033218
vt 0.857971 0.207238
vt 0.855752 0.206432
vt 0.672052 0.174338
vt 0.518022 0.138854
vt 0.560424 0.138854
vt 0.516656 0.139264
vt 0.515444 0.087430
vt 0.516656 0.088550
vt 0.929608 0.036481
vt 0.931876 0.036099
vt 0.924629 0.209314
vt 0.520069 0.087183
vt 0.564107 0.085412
vt 0.562471 0.087183
vt 0.986011 0.019022
vt 0.988299 0.018153
vt 0.980852 0.196148
vt 0.562835 0.087962
vt 0.564448 0.140699
vt 0.562677 0.140284
vt 0.805928 0.012818
vt 0.808148 0.013605
vt 0.800900 0.186820
vt 0.609293 0.174926
vt 0.611334 0.174116
vt 0.669983 0.172164
vt 0.669997 0.173566
vt 0.672512 0.223386
vt 0.670458 0.222834
vt 0.612541 0.225425
vt 0.442958 0.153943
vt 0.444729 0.153943
vt 0.442959 0.073870
vt 0.444730 0.072099
vt 0.506504 0.153943
vt 0.504733 0.153943
vt 0.506505 0.073871
vt 0.504734 0.072100
vt 0.573398 0.154399
vt 0.517215 0.086779
vt 0.575169 0.154393
vt 0.515444 0.140384
vn -0.000000 -1.000000 0.000000
vn -0.000000 -1.000000 0.000000
vn -0.000000 -1.000000 0.000000
vn -0.000000 -1.000000 0.000000
vn 0.000000 0.000000 1.000000
vn 0.000000 0.000000 1.000000
vn 0.000000 0.000000 1.000000
vn 0.000000 0.000000 1.000000
vn -1.000000 0.000000 0.000000
vn -1.000000 0.000000 0.000000
vn -1.000000 0.000000 0.000000
vn -1.000000 0.000000 0.000000
vn 1.000000 0.000000 0.000000
vn 1.000000 0.000000 0.000000
vn 1.000000 0.000000 0.000000
vn 1.000000 0.000000 0.000000
vn 0.000000 1.000000 0.000000
vn 0.000000 1.000000 0.000000
vn 0.000000 1.000000 0.000000
vn 0.000000 1.000000 0.000000
vn 0.000000 1.000000 0.000000
vn 0.000000 1.000000 0.000000
vn 0.000000 1.000000 0.000000
vn 0.000000 1.000000 0.000000
vn 0.000000 1.000000 0.000000
vn 0.000000 1.000000 0.000000
vn 0.000000 1.000000 0.000000
vn 0.000000 1.000000 0.000000
vn 0.000000 1.000000 -0.000000
vn 0.000000 1.000000 -0.000000
vn 0.000000 1.000000 -0.000000
vn 0.000000 1.000000 -0.000000
vn 0.000000 0.000000 -1.000000
vn 0.000000 0.000000 -1.000000
vn 0.000000 0.000000 -1.000000
vn 0.000000 0.000000 -1.000000
vn -1.000000 -0.000002 0.000000
vn -1.000000 -0.000002 0.000000
vn -1.000000 -0.000002 0.000000
vn -1.000000 -0.000002 0.000000
vn 0.000000 -0.315457 0.948940
vn 0.000000 -0.315457 0.948940
vn 0.000000 -0.315457 0.948940
vn 0.000000 -0.315457 0.948940
vn 1.000000 0.000000 0.000000
vn 1.000000 0.000000 0.000000
vn 1.000000 0.000000 0.000000
vn 1.000000 0.000000 0.000000
vn 0.000000 0.315457 -0.948940
vn 0.000000 0.315457 -0.948940
vn 0.000000 0.315457 -0.948940
vn 0.000000 0.315457 -0.948940
vn 0.000000 1.000000 0.000000
vn 0.000000 1.000000 0.000000
vn 0.000000 1.000000 0.000000
vn 0.000000 1.000000 0.000000
vn -0.707099 -0.707114 0.000000
vn -0.707099 -0.707114 0.000000
vn -0.707099 -0.707114 0.000000
vn -0.707099 -0.707114 0.000000
vn -0.000000 -0.707107 0.707106
vn -0.000000 -0.707107 0.707106
vn -0.000000 -0.707107 0.707106
vn -0.000000 -0.707107 0.707106
vn -0.707100 0.000000 0.707114
vn -0.707100 0.000000 0.707114
vn -0.707100 0.000000 0.707114
vn -0.707100 0.000000 0.707114
vn 0.707100 -0.707113 0.000000
vn 0.707100 -0.707113 0.000000
vn 0.707100 -0.707113 0.000000
vn 0.707100 -0.707113 0.000000
vn 0.707100 0.000000 0.707114
vn 0.707100 0.000000 0.707114
vn 0.707100 0.000000 0.707114
vn 0.707100 0.000000 0.707114
vn -0.707093 0.707120 0.000000
vn -0.707093 0.707120 0.000000
vn -0.707093 0.707120 0.000000
vn -0.707093 0.707120 0.000000
vn -0.163274 0.806713 0.567940
vn -0.163274 0.806713 0.567940
vn 0.163274 0.806713 0.567940
vn 0.163274 0.806713 0.567940
vn 0.707093 0.707121 0.000000
vn 0.707093 0.707121 0.000000
vn 0.707093 0.707121 0.000000
vn 0.707093 0.707121 0.000000
vn -0.163274 0.806714 -0.567939
vn -0.163274 0.806714 -0.567939
vn 0.163274 0.806713 -0.567940
vn 0.163274 0.806713 -0.567940
vn -0.707100 0.000000 -0.707113
vn -0.707100 0.000000 -0.707113
vn -0.707100 0.000000 -0.707113
vn -0.707100 0.000000 -0.707113
vn 0.707100 0.000000 -0.707114
vn 0.707100 0.000000 -0.707114
vn 0.707100 0.000000 -0.707114
vn 0.707100 0.000000 -0.707114
vn -0.000000 -0.707107 -0.707106
vn -0.000000 -0.707107 -0.707106
vn -0.000000 -0.707107 -0.707106
vn -0.000000 -0.707107 -0.707106
vn -0.707099 -0.223066 0.671008
vn -0.707099 -0.223066 0.671008
vn -0.707099 -0.223066 0.671008
vn -0.707099 -0.223066 0.671008
vn -0.707094 0.707120 0.000000
vn -0.707094 0.707120 0.000000
vn -0.574857 0.788752 -0.217736
vn -0.574857 0.788752 -0.217736
vn 0.000000 0.585042 0.811003
vn 0.000000 0.585042 0.811003
vn 0.000000 0.585042 0.811003
vn 0.000000 0.585042 0.811003
vn 0.707099 -0.223064 0.671009
vn 0.707099 -0.223064 0.671009
vn 0.707099 -0.223064 0.671009
vn 0.707099 -0.223064 0.671009
vn 0.707094 0.707120 0.000000
vn 0.707094 0.707120 0.000000
vn 0.574857 0.788752 -0.217736
vn 0.574857 0.788752 -0.217736
vn 0.707100 0.223064 -0.671008
vn 0.707100 0.223064 -0.671008
vn 0.707100 0.223064 -0.671008
vn 0.707100 0.223064 -0.671008
vn 0.209683 0.834205 -0.510034
vn 0.209683 0.834205 -0.510034
vn -0.209683 0.834205 -0.510035
vn -0.209683 0.834205 -0.510035
vn -0.707100 0.223062 -0.671008
vn -0.707100 0.223062 -0.671008
vn -0.707100 0.223062 -0.671008
vn -0.707100 0.223062 -0.671008
vn -0.707096 0.707118 0.000000
vn -0.707096 0.707118 0.000000
vn -0.707096 0.707118 0.000000
vn -0.707096 0.707118 0.000000
vn 0.000000 0.585038 0.811006
vn 0.000000 0.585038 0.811006
vn 0.000000 0.585038 0.811006
vn 0.000000 0.585038 0.811006
vn 0.707095 0.707119 0.000000
vn 0.707095 0.707119 0.000000
vn 0.707095 0.707119 0.000000
vn 0.707095 0.707119 0.000000
vn 0.000000 0.811004 -0.585040
vn 0.000000 0.811004 -0.585040
vn 0.000000 0.811004 -0.585040
vn 0.000000 0.811004 -0.585040
vn -0.577343 -0.577353 0.577354
vn -0.577343 -0.577353 0.577354
vn -0.577343 -0.577353 0.577354
vn 0.577344 -0.577352 0.577355
vn 0.577344 -0.577352 0.577355
vn 0.577344 -0.577352 0.577355
vn -0.316568 0.861004 0.398065
vn -0.316568 0.861004 0.398065
vn 0.316569 0.861004 0.398066
vn 0.316569 0.861004 0.398066
vn -0.316567 0.861005 -0.398064
vn -0.316567 0.861005 -0.398064
vn 0.316568 0.861004 -0.398066
vn 0.316568 0.861004 -0.398066
vn -0.577342 -0.577354 -0.577355
vn -0.577342 -0.577354 -0.577355
vn -0.577342 -0.577354 -0.577355
vn 0.577344 -0.577352 -0.577355
vn 0.577344 -0.577352 -0.577355
vn 0.577344 -0.577352 -0.577355
vn -0.522494 0.684060 0.508981
vn -0.522494 0.684060 0.508981
vn -0.522494 0.684060 0.508981
vn -0.522494 0.684060 0.508981
vn 0.522494 0.684061 0.508981
vn 0.522494 0.684061 0.508981
vn 0.522494 0.684061 0.508981
vn 0.522494 0.684061 0.508981
vn -0.668246 0.435234 0.603340
vn -0.668246 0.435234 0.603340
vn -0.668246 0.435234 0.603340
vn 0.668246 0.435232 0.603340
vn 0.668246 0.435232 0.603340
vn 0.668246 0.435232 0.603340
vn 0.543793 0.680610 -0.490978
vn 0.543793 0.680610 -0.490978
vn 0.543793 0.680610 -0.490978
vn -0.543793 0.680609 -0.490978
vn -0.543793 0.680609 -0.490978
vn -0.543793 0.680609 -0.490978
s off
g mg pCube10
usemtl blinn7SG
f 1253/1512/3167 1257/1546/3168 1234/1513/3169 1232/1540/3170
f 1236/1548/3171 1243/1555/3172 1240/1607/3173 1233/1603/3174
f 1239/1551/3175 1248/1514/3176 1254/1515/3177 1231/1516/3178
f 1256/1517/3179 1251/1560/3180 1244/1518/3181 1235/1519/3182
s 5
f 1261/1550/3183 1274/1520/3184 1245/1521/3185 1238/1522/3186
f 1242/1556/3187 1265/1578/3188 1262/1613/3189 1237/1523/3190
f 1250/1561/3191 1269/1584/3192 1266/1524/3193 1241/1525/3194
f 1273/1590/3195 1270/1526/3196 1249/1527/3197 1246/1562/3198
s off
f 1252/1567/3199 1258/1570/3200 1255/1554/3201 1247/1612/3202
f 1276/1528/3203 1284/1529/3204 1271/1530/3205 1260/1531/3206
f 1264/1580/3207 1280/1532/3208 1277/1572/3209 1259/1533/3210
f 1268/1586/3211 1283/1534/3212 1278/1535/3213 1263/1536/3214
f 1272/1592/3215 1286/1537/3216 1281/1538/3217 1267/1539/3218
f 1279/1598/3219 1282/1600/3220 1285/1566/3221 1275/1596/3222
f 1232/1540/3223 1231/1541/3224 1254/1542/3225 1253/1512/3226
f 1233/1603/3227 1232/1602/3228 1234/1604/3229 1236/1548/3230
f 1231/1543/3231 1233/1603/3232 1240/1607/3233 1239/1544/3234
f 1235/1545/3235 1234/1513/3236 1257/1546/3237 1256/1547/3238
f 1236/1548/3239 1235/1605/3240 1244/1609/3241 1243/1555/3242
s 5
f 1238/1522/3186 1237/1523/3190 1262/1613/3189 1261/1550/3183
s off
f 1239/1551/3243 1238/1522/3244 1245/1521/3245 1248/1514/3246
s 18
f 1237/1523/3247 1240/1607/3248 1243/1555/3249 1242/1556/3250
s 5
f 1242/1556/3187 1241/1525/3194 1266/1524/3193 1265/1578/3188
s off
f 1241/1525/3251 1244/1518/3252 1251/1560/3253 1250/1561/3254
s 5
f 1246/1562/3198 1245/1521/3185 1274/1520/3184 1273/1590/3195
s 20
f 1247/1612/3255 1246/1562/3256 1249/1527/3257 1252/1567/3258
s off
f 1248/1564/3259 1247/1612/3260 1255/1554/3261 1254/1557/3262
s 5
f 1250/1561/3191 1249/1527/3197 1270/1526/3196 1269/1584/3192
s off
f 1252/1567/3263 1251/1553/3264 1256/1568/3265 1258/1570/3266
f 1253/1512/3267 1255/1554/3268 1258/1570/3269 1257/1546/3270
f 1260/1571/3271 1259/1533/3272 1277/1572/3273 1276/1573/3274
s 25
f 1261/1550/3275 1260/1575/3276 1271/1576/3277 1274/1520/3278
s off
f 1259/1577/3279 1262/1613/3280 1265/1578/3281 1264/1579/3282
f 1264/1580/3283 1263/1581/3284 1278/1582/3285 1280/1532/3286
s 25
f 1263/1583/3287 1266/1524/3288 1269/1584/3289 1268/1585/3290
s off
f 1268/1586/3291 1267/1587/3292 1281/1588/3293 1283/1534/3294
s 25
f 1267/1589/3295 1270/1526/3296 1273/1590/3297 1272/1591/3298
s off
f 1272/1592/3299 1271/1593/3300 1284/1594/3301 1286/1537/3302
f 1276/1595/3303 1275/1596/3304 1285/1566/3305 1284/1565/3306
f 1275/1596/3307 1277/1549/3308 1280/1597/3309 1279/1598/3310
f 1279/1598/3311 1278/1574/3312 1283/1599/3313 1282/1600/3314
f 1282/1600/3315 1281/1563/3316 1286/1601/3317 1285/1566/3318
f 1231/1543/3319 1232/1602/3320 1233/1603/3321
f 1234/1604/3322 1235/1605/3323 1236/1548/3324
s 18
f 1237/1523/3247 1238/1606/3325 1239/1544/3326 1240/1607/3248
f 1241/1608/3327 1242/1556/3250 1243/1555/3249 1244/1609/3328
s 20
f 1245/1610/3329 1246/1562/3256 1247/1612/3255 1248/1564/3330
f 1249/1527/3257 1250/1569/3331 1251/1553/3332 1252/1567/3258
s off
f 1253/1512/3333 1254/1557/3334 1255/1554/3335
f 1256/1568/3336 1257/1546/3337 1258/1570/3338
f 1259/1577/3339 1260/1552/3340 1261/1550/3341 1262/1613/3342
f 1263/1611/3343 1264/1579/3344 1265/1578/3345 1266/1524/3346
s 25
f 1267/1559/3295 1268/1585/3290 1269/1584/3289 1270/1526/3296
f 1271/1558/3277 1272/1591/3298 1273/1590/3297 1274/1520/3278
s off
f 1275/1596/3347 1276/1595/3348 1277/1549/3349
f 1278/1574/3350 1279/1598/3351 1280/1597/3352
f 1281/1563/3353 1282/1600/3354 1283/1599/3355
f 1284/1565/3356 1285/1566/3357 1286/1601/3358
g default
v -23.596981 5.736347 0.996363
v -23.596981 5.682282 0.890254
v -23.596981 5.598073 0.806045
v -23.596981 5.491964 0.751979
v -23.596981 5.374340 0.733350
v -23.596981 5.256717 0.751979
v -23.596981 5.150608 0.806045
v -23.596981 5.066399 0.890254
v -23.596981 5.012334 0.996363
v -23.596981 4.993704 1.113986
v -23.596981 5.012334 1.231609
v -23.596981 5.066399 1.337719
v -23.596981 5.150608 1.421927
v -23.596981 5.256717 1.475993
v -23.596981 5.374340 1.494623
v -23.596981 5.491964 1.475993
v -23.596981 5.598073 1.421927
v -23.596981 5.682282 1.337719
v -23.596981 5.736347 1.231609
v -23.596981 5.754977 1.113986
v -24.806588 5.653628 1.023240
v -24.806588 5.611916 0.941377
v -24.806588 5.546949 0.876410
v -24.806588 5.465086 0.834699
v -24.806588 5.374340 0.820326
v -24.806588 5.283595 0.834699
v -24.806588 5.201732 0.876410
v -24.806588 5.136765 0.941377
v -24.806588 5.095053 1.023240
v -24.806588 5.080681 1.113986
v -24.806588 5.095053 1.204732
v -24.806588 5.136765 1.286595
v -24.806588 5.201732 1.351562
v -24.806588 5.283595 1.393273
v -24.806588 5.374340 1.407646
v -24.806588 5.465086 1.393273
v -24.806588 5.546949 1.351562
v -24.806588 5.611916 1.286595
v -24.806588 5.653627 1.204732
v -24.806588 5.668000 1.113986
v -24.803705 5.498064 1.494769
v -24.803705 5.374340 1.514365
v -24.803705 5.250616 1.494769
v -24.803705 5.139003 1.437900
v -24.803705 5.050427 1.349323
v -24.803705 4.993557 1.237710
v -24.803705 4.973961 1.113986
v -24.803705 4.993557 0.990262
v -24.803705 5.050427 0.878649
v -24.803705 5.139003 0.790073
v -24.803705 5.250616 0.733203
v -24.803705 5.374340 0.713607
v -24.803705 5.498064 0.733203
v -24.803705 5.609677 0.790073
v -24.803705 5.698254 0.878649
v -24.803705 5.755124 0.990262
v -24.803705 5.774720 1.113986
v -24.803705 5.755123 1.237710
v -24.803705 5.698254 1.349323
v -24.803705 5.609677 1.437900
v -24.741964 5.498064 1.494769
v -24.741964 5.374340 1.514365
v -24.741964 5.250616 1.494769
v -24.741964 5.139003 1.437900
v -24.741964 5.050427 1.349323
v -24.741964 4.993557 1.237710
v -24.741964 4.973961 1.113986
v -24.741964 4.993557 0.990262
v -24.741964 5.050427 0.878649
v -24.741964 5.139003 0.790073
v -24.741964 5.250616 0.733203
v -24.741964 5.374340 0.713607
v -24.741964 5.498064 0.733203
v -24.741964 5.609677 0.790073
v -24.741964 5.698254 0.878649
v -24.741964 5.755124 0.990262
v -24.741964 5.774719 1.113986
v -24.741964 5.755123 1.237710
v -24.741964 5.698254 1.349323
v -24.741964 5.609677 1.437900
v -24.660721 5.528881 1.589614
v -24.660721 5.374340 1.614091
v -24.660721 5.219800 1.589614
v -24.660721 5.080386 1.518579
v -24.660721 4.969747 1.407940
v -24.660721 4.898713 1.268527
v -24.660721 4.874236 1.113986
v -24.660721 4.898713 0.959445
v -24.660721 4.969747 0.820032
v -24.660721 5.080386 0.709393
v -24.660721 5.219800 0.638358
v -24.660721 5.374340 0.613881
v -24.660721 5.528881 0.638358
v -24.660721 5.668295 0.709393
v -24.660721 5.778934 0.820032
v -24.660721 5.849968 0.959445
v -24.660721 5.874445 1.113986
v -24.660721 5.849968 1.268527
v -24.660721 5.778934 1.407940
v -24.660721 5.668295 1.518579
v -24.099157 5.668001 1.113986
v -24.099157 5.653628 1.023240
v -24.099157 5.611917 0.941377
v -24.099157 5.546950 0.876410
v -24.099157 5.465087 0.834699
v -24.099157 5.374341 0.820326
v -24.099157 5.283595 0.834699
v -24.099157 5.201732 0.876410
v -24.099157 5.136765 0.941377
v -24.099157 5.095054 1.023240
v -24.099157 5.080681 1.113986
v -24.099157 5.095054 1.204732
v -24.099157 5.136765 1.286595
v -24.099157 5.201732 1.351562
v -24.099157 5.283595 1.393273
v -24.099157 5.374341 1.407646
v -24.099157 5.465087 1.393273
v -24.099157 5.546950 1.351562
v -24.099157 5.611917 1.286595
v -24.099157 5.653628 1.204732
v -23.775956 5.374340 1.614091
v -23.775956 5.219800 1.589614
v -23.775956 5.080386 1.518579
v -23.775956 4.969747 1.407940
v -23.775956 4.898713 1.268527
v -23.775956 4.874236 1.113986
v -23.775956 4.898713 0.959445
v -23.775956 4.969747 0.820032
v -23.775956 5.080386 0.709393
v -23.775956 5.219800 0.638358
v -23.775956 5.374340 0.613881
v -23.775956 5.528881 0.638358
v -23.775956 5.668295 0.709393
v -23.775956 5.778934 0.820032
v -23.775956 5.849968 0.959445
v -23.775956 5.874445 1.113986
v -23.775956 5.849968 1.268527
v -23.775956 5.778934 1.407940
v -23.775956 5.668295 1.518579
v -23.775956 5.528881 1.589614
vt 0.157818 0.098558
vt 0.148653 0.080571
vt 0.134379 0.066297
vt 0.116392 0.057132
vt 0.096454 0.053974
vt 0.076515 0.057132
vt 0.058529 0.066297
vt 0.044254 0.080571
vt 0.035090 0.098558
vt 0.031932 0.118496
vt 0.035090 0.138434
vt 0.044254 0.156421
vt 0.058529 0.170695
vt 0.076515 0.179860
vt 0.096454 0.183018
vt 0.116392 0.179860
vt 0.134379 0.170695
vt 0.148653 0.156421
vt 0.157818 0.138434
vt 0.160975 0.118496
vt 0.044836 0.183018
vt 0.049998 0.183018
vt 0.055160 0.183018
vt 0.060321 0.183018
vt 0.065483 0.183018
vt 0.070645 0.183018
vt 0.075807 0.183018
vt 0.080968 0.183018
vt 0.086130 0.183018
vt 0.091292 0.183018
vt 0.096454 0.183018
vt 0.101615 0.183018
vt 0.106777 0.183018
vt 0.111939 0.183018
vt 0.117100 0.183018
vt 0.122262 0.183018
vt 0.127424 0.183018
vt 0.132586 0.183018
vt 0.137748 0.183018
vt 0.142909 0.183018
vt 0.148071 0.183018
vt 0.044836 0.338258
vt 0.049998 0.338258
vt 0.055160 0.338258
vt 0.060321 0.338258
vt 0.065483 0.338258
vt 0.070645 0.338258
vt 0.075807 0.338258
vt 0.080968 0.338258
vt 0.086130 0.338258
vt 0.091292 0.338258
vt 0.096454 0.338258
vt 0.101615 0.338258
vt 0.106777 0.338258
vt 0.111939 0.338258
vt 0.117100 0.338258
vt 0.122262 0.338258
vt 0.127424 0.338258
vt 0.132586 0.338258
vt 0.137748 0.338258
vt 0.142909 0.338258
vt 0.148071 0.338258
vt 0.157818 0.382454
vt 0.148653 0.364467
vt 0.134379 0.350193
vt 0.116392 0.341028
vt 0.096454 0.337870
vt 0.076515 0.341028
vt 0.058529 0.350193
vt 0.044254 0.364467
vt 0.035090 0.382454
vt 0.031932 0.402392
vt 0.035090 0.422330
vt 0.044254 0.440317
vt 0.058529 0.454591
vt 0.076515 0.463756
vt 0.096454 0.466914
vt 0.116392 0.463756
vt 0.134379 0.454591
vt 0.148653 0.440317
vt 0.157818 0.422330
vt 0.160975 0.402392
vt 0.122262 0.324565
vt 0.117100 0.324565
vt 0.111939 0.324565
vt 0.106777 0.324565
vt 0.101615 0.324565
vt 0.096454 0.324565
vt 0.091292 0.324565
vt 0.086130 0.324565
vt 0.080968 0.324565
vt 0.075807 0.324565
vt 0.070645 0.324565
vt 0.065483 0.324565
vt 0.060321 0.324565
vt 0.055160 0.324565
vt 0.049998 0.324565
vt 0.148071 0.324565
vt 0.044836 0.324565
vt 0.142909 0.324565
vt 0.137748 0.324565
vt 0.132586 0.324565
vt 0.127424 0.324565
vt 0.122262 0.315687
vt 0.117100 0.315687
vt 0.111939 0.315687
vt 0.106777 0.315687
vt 0.101615 0.315687
vt 0.096454 0.315687
vt 0.091292 0.315687
vt 0.086130 0.315687
vt 0.080968 0.315687
vt 0.075807 0.315687
vt 0.070645 0.315687
vt 0.065483 0.315687
vt 0.060321 0.315687
vt 0.055160 0.315687
vt 0.049998 0.315687
vt 0.148071 0.315687
vt 0.044836 0.315687
vt 0.142909 0.315687
vt 0.137748 0.315687
vt 0.132586 0.315687
vt 0.127424 0.315687
vt 0.122262 0.305477
vt 0.117100 0.305477
vt 0.111939 0.305477
vt 0.106777 0.305477
vt 0.101615 0.305477
vt 0.096454 0.305477
vt 0.091292 0.305477
vt 0.086130 0.305477
vt 0.080968 0.305477
vt 0.075807 0.305477
vt 0.070645 0.305477
vt 0.065483 0.305477
vt 0.060321 0.305477
vt 0.055160 0.305477
vt 0.049998 0.305477
vt 0.148071 0.305477
vt 0.044836 0.305477
vt 0.142909 0.305477
vt 0.137748 0.305477
vt 0.132586 0.305477
vt 0.127424 0.305477
vt 0.160975 0.402392
vt 0.157818 0.422330
vt 0.148653 0.440317
vt 0.134379 0.454591
vt 0.116392 0.463756
vt 0.096454 0.466914
vt 0.076515 0.463756
vt 0.058529 0.454591
vt 0.044254 0.440317
vt 0.035090 0.422330
vt 0.031932 0.402392
vt 0.035090 0.382454
vt 0.044254 0.364467
vt 0.058529 0.350193
vt 0.076515 0.341028
vt 0.096454 0.337870
vt 0.116392 0.341028
vt 0.134379 0.350193
vt 0.148653 0.364467
vt 0.157818 0.382454
vt 0.117100 0.203621
vt 0.111939 0.203621
vt 0.106777 0.203621
vt 0.101615 0.203621
vt 0.096454 0.203621
vt 0.091292 0.203621
vt 0.086130 0.203621
vt 0.080968 0.203621
vt 0.075807 0.203621
vt 0.070645 0.203621
vt 0.065483 0.203621
vt 0.060321 0.203621
vt 0.055160 0.203621
vt 0.049998 0.203621
vt 0.148071 0.203621
vt 0.044836 0.203621
vt 0.142909 0.203621
vt 0.137748 0.203621
vt 0.132586 0.203621
vt 0.127424 0.203621
vt 0.122262 0.203621
vn 0.555189 0.791017 -0.257016
vn 0.555189 0.672879 -0.488875
vn 0.555189 0.672879 -0.488875
vn 0.555189 0.791017 -0.257016
vn 0.555189 0.488875 -0.672879
vn 0.555189 0.488875 -0.672879
vn 0.555188 0.257017 -0.791017
vn 0.555188 0.257017 -0.791017
vn 0.555188 -0.000000 -0.831725
vn 0.555188 -0.000000 -0.831725
vn 0.555188 -0.257017 -0.791017
vn 0.555188 -0.257017 -0.791017
vn 0.555188 -0.488875 -0.672880
vn 0.555188 -0.488875 -0.672880
vn 0.555189 -0.672879 -0.488875
vn 0.555189 -0.672879 -0.488875
vn 0.555189 -0.791017 -0.257017
vn 0.555189 -0.791017 -0.257017
vn 0.555189 -0.831725 -0.000000
vn 0.555189 -0.831725 -0.000000
vn 0.555189 -0.791017 0.257017
vn 0.555189 -0.791017 0.257017
vn 0.555188 -0.672879 0.488876
vn 0.555188 -0.672879 0.488876
vn 0.555188 -0.488876 0.672879
vn 0.555188 -0.488876 0.672879
vn 0.555188 -0.257017 0.791017
vn 0.555188 -0.257017 0.791017
vn 0.555189 0.000000 0.831724
vn 0.555189 0.000000 0.831724
vn 0.555188 0.257017 0.791017
vn 0.555188 0.257017 0.791017
vn 0.555188 0.488876 0.672879
vn 0.555188 0.488876 0.672879
vn 0.555188 0.672879 0.488875
vn 0.555188 0.672879 0.488875
vn 0.555188 0.791017 0.257017
vn 0.555188 0.791017 0.257017
vn 0.555188 0.831725 0.000001
vn 0.555188 0.831725 0.000001
vn 1.000000 -0.000000 0.000000
vn 1.000000 -0.000000 0.000000
vn 1.000000 -0.000000 0.000000
vn 1.000000 -0.000000 0.000000
vn 1.000000 -0.000000 0.000000
vn 1.000000 -0.000000 0.000000
vn 1.000000 -0.000000 0.000000
vn 1.000000 -0.000000 0.000000
vn 1.000000 -0.000000 0.000000
vn 1.000000 -0.000000 0.000000
vn 1.000000 -0.000000 0.000000
vn 1.000000 -0.000000 0.000000
vn 1.000000 -0.000000 0.000000
vn 1.000000 -0.000000 0.000000
vn 1.000000 -0.000000 0.000000
vn 1.000000 -0.000000 0.000000
vn 1.000000 -0.000000 0.000000
vn 1.000000 -0.000000 0.000000
vn 1.000000 -0.000000 0.000000
vn 1.000000 -0.000000 0.000000
vn -1.000000 0.000000 0.000000
vn -1.000000 0.000000 0.000000
vn -1.000000 0.000000 0.000000
vn -1.000000 0.000000 0.000000
vn -1.000000 0.000000 0.000000
vn -1.000000 0.000000 0.000000
vn -1.000000 0.000000 0.000000
vn -1.000000 0.000000 0.000000
vn -1.000000 0.000000 0.000000
vn -1.000000 0.000000 0.000000
vn -1.000000 0.000000 0.000000
vn -1.000000 0.000000 0.000000
vn -1.000000 0.000000 0.000000
vn -1.000000 0.000000 0.000000
vn -1.000000 0.000000 0.000000
vn -1.000000 0.000000 0.000000
vn -1.000000 0.000000 0.000000
vn -1.000000 0.000000 0.000000
vn -1.000000 0.000000 0.000000
vn -1.000000 0.000000 0.000000
vn -0.999635 0.000000 0.027012
vn -0.999635 0.008347 0.025690
vn -0.999635 0.008347 0.025690
vn -0.999635 0.000000 0.027012
vn -0.999635 -0.008347 0.025690
vn -0.999635 -0.008347 0.025690
vn -0.999635 -0.015878 0.021854
vn -0.999635 -0.015878 0.021854
vn -0.999635 -0.021854 0.015878
vn -0.999635 -0.021854 0.015878
vn -0.999635 -0.025690 0.008347
vn -0.999635 -0.025690 0.008347
vn -0.999635 -0.027013 -0.000000
vn -0.999635 -0.027013 -0.000000
vn -0.999635 -0.025690 -0.008348
vn -0.999635 -0.025690 -0.008348
vn -0.999635 -0.021854 -0.015878
vn -0.999635 -0.021854 -0.015878
vn -0.999635 -0.015878 -0.021854
vn -0.999635 -0.015878 -0.021854
vn -0.999635 -0.008347 -0.025690
vn -0.999635 -0.008347 -0.025690
vn -0.999635 0.000000 -0.027012
vn -0.999635 0.000000 -0.027012
vn -0.999635 0.008347 -0.025690
vn -0.999635 0.008347 -0.025690
vn -0.999635 0.015878 -0.021853
vn -0.999635 0.015878 -0.021853
vn -0.999635 0.021854 -0.015878
vn -0.999635 0.021854 -0.015878
vn -0.999635 0.025690 -0.008347
vn -0.999635 0.025690 -0.008347
vn -0.999635 0.027013 -0.000000
vn -0.999635 0.027013 -0.000000
vn -0.999635 0.025690 0.008347
vn -0.999635 0.025690 0.008347
vn -0.999635 0.021854 0.015878
vn -0.999635 0.021854 0.015878
vn -0.999635 0.015878 0.021853
vn -0.999635 0.015878 0.021853
vn 0.000001 0.000000 1.000000
vn 0.000001 0.309017 0.951056
vn 0.000001 0.309017 0.951056
vn 0.000001 0.000000 1.000000
vn 0.000001 -0.309017 0.951057
vn 0.000001 -0.309017 0.951057
vn 0.000001 -0.587786 0.809017
vn 0.000001 -0.587786 0.809017
vn 0.000000 -0.809017 0.587785
vn 0.000000 -0.809017 0.587785
vn 0.000000 -0.951056 0.309017
vn 0.000000 -0.951056 0.309017
vn 0.000000 -1.000000 0.000000
vn 0.000000 -1.000000 0.000000
vn 0.000000 -0.951056 -0.309017
vn 0.000000 -0.951056 -0.309017
vn -0.000000 -0.809017 -0.587785
vn -0.000000 -0.809017 -0.587785
vn 0.000000 -0.587786 -0.809017
vn 0.000000 -0.587786 -0.809017
vn 0.000001 -0.309017 -0.951057
vn 0.000001 -0.309017 -0.951057
vn 0.000001 0.000000 -1.000000
vn 0.000001 0.000000 -1.000000
vn 0.000001 0.309017 -0.951057
vn 0.000001 0.309017 -0.951057
vn 0.000000 0.587785 -0.809017
vn 0.000000 0.587785 -0.809017
vn 0.000000 0.809017 -0.587785
vn 0.000000 0.809017 -0.587785
vn 0.000001 0.951057 -0.309016
vn 0.000001 0.951057 -0.309016
vn 0.000002 1.000000 0.000001
vn 0.000002 1.000000 0.000001
vn 0.000001 0.951057 0.309017
vn 0.000001 0.951057 0.309017
vn -0.000000 0.809017 0.587785
vn -0.000000 0.809017 0.587785
vn 0.000000 0.587785 0.809017
vn 0.000000 0.587785 0.809017
vn -0.775292 -0.000000 0.631603
vn -0.775292 0.195176 0.600690
vn -0.775292 0.195176 0.600690
vn -0.775292 -0.000000 0.631603
vn -0.775292 -0.195176 0.600690
vn -0.775292 -0.195176 0.600690
vn -0.775292 -0.371247 0.510978
vn -0.775292 -0.371247 0.510978
vn -0.775291 -0.510978 0.371248
vn -0.775291 -0.510978 0.371248
vn -0.775292 -0.600690 0.195176
vn -0.775292 -0.600690 0.195176
vn -0.775292 -0.631603 -0.000000
vn -0.775292 -0.631603 -0.000000
vn -0.775292 -0.600690 -0.195176
vn -0.775292 -0.600690 -0.195176
vn -0.775292 -0.510978 -0.371247
vn -0.775292 -0.510978 -0.371247
vn -0.775292 -0.371247 -0.510978
vn -0.775292 -0.371247 -0.510978
vn -0.775292 -0.195176 -0.600691
vn -0.775292 -0.195176 -0.600691
vn -0.775292 0.000000 -0.631603
vn -0.775292 0.000000 -0.631603
vn -0.775292 0.195176 -0.600691
vn -0.775292 0.195176 -0.600691
vn -0.775292 0.371247 -0.510978
vn -0.775292 0.371247 -0.510978
vn -0.775292 0.510978 -0.371247
vn -0.775292 0.510978 -0.371247
vn -0.775292 0.600691 -0.195175
vn -0.775292 0.600691 -0.195175
vn -0.775292 0.631603 0.000001
vn -0.775292 0.631603 0.000001
vn -0.775292 0.600690 0.195176
vn -0.775292 0.600690 0.195176
vn -0.775292 0.510978 0.371247
vn -0.775292 0.510978 0.371247
vn -0.775292 0.371247 0.510978
vn -0.775292 0.371247 0.510978
vn 0.000001 -1.000000 -0.000001
vn 0.000001 -0.951056 0.309017
vn 0.000001 -0.951056 0.309017
vn 0.000001 -1.000000 -0.000001
vn 0.000001 -0.809016 0.587786
vn 0.000001 -0.809016 0.587786
vn 0.000000 -0.587785 0.809017
vn 0.000000 -0.587785 0.809017
vn 0.000000 -0.309017 0.951056
vn 0.000000 -0.309017 0.951056
vn -0.000000 -0.000000 1.000000
vn -0.000000 -0.000000 1.000000
vn -0.000000 0.309017 0.951056
vn -0.000000 0.309017 0.951056
vn -0.000000 0.587786 0.809017
vn -0.000000 0.587786 0.809017
vn -0.000001 0.809016 0.587786
vn -0.000001 0.809016 0.587786
vn -0.000001 0.951056 0.309018
vn -0.000001 0.951056 0.309018
vn -0.000001 1.000000 -0.000000
vn -0.000001 1.000000 -0.000000
vn -0.000001 0.951056 -0.309018
vn -0.000001 0.951056 -0.309018
vn -0.000001 0.809016 -0.587786
vn -0.000001 0.809016 -0.587786
vn -0.000000 0.587785 -0.809017
vn -0.000000 0.587785 -0.809017
vn -0.000000 0.309017 -0.951056
vn -0.000000 0.309017 -0.951056
vn -0.000000 0.000000 -1.000000
vn -0.000000 0.000000 -1.000000
vn 0.000000 -0.309017 -0.951056
vn 0.000000 -0.309017 -0.951056
vn 0.000000 -0.587785 -0.809017
vn 0.000000 -0.587785 -0.809017
vn 0.000001 -0.809017 -0.587785
vn 0.000001 -0.809017 -0.587785
vn 0.000001 -0.951056 -0.309018
vn 0.000001 -0.951056 -0.309018
vn 0.000000 -0.309017 0.951056
vn 0.000000 0.000000 1.000000
vn 0.000000 0.000000 1.000000
vn 0.000000 -0.309017 0.951056
vn 0.000000 -0.587785 0.809017
vn 0.000000 -0.587785 0.809017
vn -0.000000 -0.809017 0.587786
vn -0.000000 -0.809017 0.587786
vn 0.000000 -0.951056 0.309017
vn 0.000000 -0.951056 0.309017
vn 0.000000 -1.000000 0.000000
vn 0.000000 -1.000000 0.000000
vn 0.000000 -0.951057 -0.309016
vn 0.000000 -0.951057 -0.309016
vn 0.000000 -0.809017 -0.587785
vn 0.000000 -0.809017 -0.587785
vn 0.000000 -0.587785 -0.809017
vn 0.000000 -0.587785 -0.809017
vn 0.000000 -0.309017 -0.951056
vn 0.000000 -0.309017 -0.951056
vn -0.000000 -0.000000 -1.000000
vn -0.000000 -0.000000 -1.000000
vn -0.000000 0.309017 -0.951057
vn -0.000000 0.309017 -0.951057
vn 0.000000 0.587785 -0.809017
vn 0.000000 0.587785 -0.809017
vn 0.000000 0.809017 -0.587785
vn 0.000000 0.809017 -0.587785
vn 0.000000 0.951057 -0.309016
vn 0.000000 0.951057 -0.309016
vn 0.000000 1.000000 0.000001
vn 0.000000 1.000000 0.000001
vn 0.000000 0.951056 0.309017
vn 0.000000 0.951056 0.309017
vn 0.000000 0.809017 0.587785
vn 0.000000 0.809017 0.587785
vn 0.000000 0.587785 0.809017
vn 0.000000 0.587785 0.809017
vn 0.000000 0.309017 0.951056
vn 0.000000 0.309017 0.951056
s 1
g mg pCylinder11
usemtl blinn7SG
f 1287/1634/3359 1288/1635/3360 1420/1792/3361 1421/1794/3362
f 1288/1635/3360 1289/1636/3363 1419/1791/3364 1420/1792/3361
f 1289/1636/3363 1290/1637/3365 1418/1790/3366 1419/1791/3364
f 1290/1637/3365 1291/1638/3367 1417/1789/3368 1418/1790/3366
f 1291/1638/3367 1292/1639/3369 1416/1788/3370 1417/1789/3368
f 1292/1639/3369 1293/1640/3371 1415/1787/3372 1416/1788/3370
f 1293/1640/3371 1294/1641/3373 1414/1786/3374 1415/1787/3372
f 1294/1641/3373 1295/1642/3375 1413/1785/3376 1414/1786/3374
f 1295/1642/3375 1296/1643/3377 1412/1784/3378 1413/1785/3376
f 1296/1643/3377 1297/1644/3379 1411/1783/3380 1412/1784/3378
f 1297/1644/3379 1298/1645/3381 1410/1782/3382 1411/1783/3380
f 1298/1645/3381 1299/1646/3383 1409/1781/3384 1410/1782/3382
f 1299/1646/3383 1300/1647/3385 1408/1780/3386 1409/1781/3384
f 1300/1647/3385 1301/1648/3387 1407/1779/3388 1408/1780/3386
f 1301/1648/3387 1302/1649/3389 1426/1799/3390 1407/1779/3388
f 1302/1649/3389 1303/1650/3391 1425/1798/3392 1426/1799/3390
f 1303/1650/3391 1304/1651/3393 1424/1797/3394 1425/1798/3392
f 1304/1651/3393 1305/1652/3395 1423/1796/3396 1424/1797/3394
f 1305/1652/3395 1306/1653/3397 1422/1795/3398 1423/1796/3396
f 1306/1653/3397 1287/1654/3359 1421/1793/3362 1422/1795/3398
s off
f 1305/1632/3399 1304/1631/3400 1303/1630/3401 1302/1629/3402 1301/1628/3403 1300/1627/3404 1299/1626/3405 1298/1625/3406 1297/1624/3407 1296/1623/3408 1295/1622/3409 1294/1621/3410 1293/1620/3411 1292/1619/3412 1291/1618/3413 1290/1617/3414 1289/1616/3415 1288/1615/3416 1287/1614/3417 1306/1633/3418
f 1387/1759/3419 1388/1760/3420 1389/1761/3421 1390/1762/3422 1391/1763/3423 1392/1764/3424 1393/1765/3425 1394/1766/3426 1395/1767/3427 1396/1768/3428 1397/1769/3429 1398/1770/3430 1399/1771/3431 1400/1772/3432 1401/1773/3433 1402/1774/3434 1403/1775/3435 1404/1776/3436 1405/1777/3437 1406/1778/3438
s 4
f 1328/1697/3439 1327/1696/3440 1322/1670/3441 1321/1669/3442
f 1329/1698/3443 1328/1697/3439 1321/1669/3442 1320/1668/3444
f 1330/1699/3445 1329/1698/3443 1320/1668/3444 1319/1667/3446
f 1331/1700/3447 1330/1699/3445 1319/1667/3446 1318/1666/3448
f 1332/1701/3449 1331/1700/3447 1318/1666/3448 1317/1665/3450
f 1333/1702/3451 1332/1701/3449 1317/1665/3450 1316/1664/3452
f 1334/1703/3453 1333/1702/3451 1316/1664/3452 1315/1663/3454
f 1335/1704/3455 1334/1703/3453 1315/1663/3454 1314/1662/3456
f 1336/1705/3457 1335/1704/3455 1314/1662/3456 1313/1661/3458
f 1337/1706/3459 1336/1705/3457 1313/1661/3458 1312/1660/3460
f 1338/1707/3461 1337/1706/3459 1312/1660/3460 1311/1659/3462
f 1339/1708/3463 1338/1707/3461 1311/1659/3462 1310/1658/3464
f 1340/1709/3465 1339/1708/3463 1310/1658/3464 1309/1657/3466
f 1341/1710/3467 1340/1709/3465 1309/1657/3466 1308/1656/3468
f 1342/1712/3469 1341/1710/3467 1308/1656/3468 1307/1655/3470
f 1343/1713/3471 1342/1711/3469 1307/1675/3470 1326/1674/3472
f 1344/1714/3473 1343/1713/3471 1326/1674/3472 1325/1673/3474
f 1345/1715/3475 1344/1714/3473 1325/1673/3474 1324/1672/3476
f 1346/1716/3477 1345/1715/3475 1324/1672/3476 1323/1671/3478
f 1327/1696/3440 1346/1716/3477 1323/1671/3478 1322/1670/3441
s 5
f 1348/1718/3479 1347/1717/3480 1327/1696/3481 1328/1697/3482
f 1349/1719/3483 1348/1718/3479 1328/1697/3482 1329/1698/3484
f 1350/1720/3485 1349/1719/3483 1329/1698/3484 1330/1699/3486
f 1351/1721/3487 1350/1720/3485 1330/1699/3486 1331/1700/3488
f 1352/1722/3489 1351/1721/3487 1331/1700/3488 1332/1701/3490
f 1353/1723/3491 1352/1722/3489 1332/1701/3490 1333/1702/3492
f 1354/1724/3493 1353/1723/3491 1333/1702/3492 1334/1703/3494
f 1355/1725/3495 1354/1724/3493 1334/1703/3494 1335/1704/3496
f 1356/1726/3497 1355/1725/3495 1335/1704/3496 1336/1705/3498
f 1357/1727/3499 1356/1726/3497 1336/1705/3498 1337/1706/3500
f 1358/1728/3501 1357/1727/3499 1337/1706/3500 1338/1707/3502
f 1359/1729/3503 1358/1728/3501 1338/1707/3502 1339/1708/3504
f 1360/1730/3505 1359/1729/3503 1339/1708/3504 1340/1709/3506
f 1361/1731/3507 1360/1730/3505 1340/1709/3506 1341/1710/3508
f 1362/1733/3509 1361/1731/3507 1341/1710/3508 1342/1712/3510
f 1363/1734/3511 1362/1732/3509 1342/1711/3510 1343/1713/3512
f 1364/1735/3513 1363/1734/3511 1343/1713/3512 1344/1714/3514
f 1365/1736/3515 1364/1735/3513 1344/1714/3514 1345/1715/3516
f 1366/1737/3517 1365/1736/3515 1345/1715/3516 1346/1716/3518
f 1347/1717/3480 1366/1737/3517 1346/1716/3518 1327/1696/3481
s 6
f 1368/1739/3519 1367/1738/3520 1347/1717/3521 1348/1718/3522
f 1369/1740/3523 1368/1739/3519 1348/1718/3522 1349/1719/3524
f 1370/1741/3525 1369/1740/3523 1349/1719/3524 1350/1720/3526
f 1371/1742/3527 1370/1741/3525 1350/1720/3526 1351/1721/3528
f 1372/1743/3529 1371/1742/3527 1351/1721/3528 1352/1722/3530
f 1373/1744/3531 1372/1743/3529 1352/1722/3530 1353/1723/3532
f 1374/1745/3533 1373/1744/3531 1353/1723/3532 1354/1724/3534
f 1375/1746/3535 1374/1745/3533 1354/1724/3534 1355/1725/3536
f 1376/1747/3537 1375/1746/3535 1355/1725/3536 1356/1726/3538
f 1377/1748/3539 1376/1747/3537 1356/1726/3538 1357/1727/3540
f 1378/1749/3541 1377/1748/3539 1357/1727/3540 1358/1728/3542
f 1379/1750/3543 1378/1749/3541 1358/1728/3542 1359/1729/3544
f 1380/1751/3545 1379/1750/3543 1359/1729/3544 1360/1730/3546
f 1381/1752/3547 1380/1751/3545 1360/1730/3546 1361/1731/3548
f 1382/1754/3549 1381/1752/3547 1361/1731/3548 1362/1733/3550
f 1383/1755/3551 1382/1753/3549 1362/1732/3550 1363/1734/3552
f 1384/1756/3553 1383/1755/3551 1363/1734/3552 1364/1735/3554
f 1385/1757/3555 1384/1756/3553 1364/1735/3554 1365/1736/3556
f 1386/1758/3557 1385/1757/3555 1365/1736/3556 1366/1737/3558
f 1367/1738/3520 1386/1758/3557 1366/1737/3558 1347/1717/3521
s 7
f 1326/1695/3559 1307/1694/3560 1388/1760/3561 1387/1759/3562
f 1307/1694/3560 1308/1693/3563 1389/1761/3564 1388/1760/3561
f 1308/1693/3563 1309/1692/3565 1390/1762/3566 1389/1761/3564
f 1309/1692/3565 1310/1691/3567 1391/1763/3568 1390/1762/3566
f 1310/1691/3567 1311/1690/3569 1392/1764/3570 1391/1763/3568
f 1311/1690/3569 1312/1689/3571 1393/1765/3572 1392/1764/3570
f 1312/1689/3571 1313/1688/3573 1394/1766/3574 1393/1765/3572
f 1313/1688/3573 1314/1687/3575 1395/1767/3576 1394/1766/3574
f 1314/1687/3575 1315/1686/3577 1396/1768/3578 1395/1767/3576
f 1315/1686/3577 1316/1685/3579 1397/1769/3580 1396/1768/3578
f 1316/1685/3579 1317/1684/3581 1398/1770/3582 1397/1769/3580
f 1317/1684/3581 1318/1683/3583 1399/1771/3584 1398/1770/3582
f 1318/1683/3583 1319/1682/3585 1400/1772/3586 1399/1771/3584
f 1319/1682/3585 1320/1681/3587 1401/1773/3588 1400/1772/3586
f 1320/1681/3587 1321/1680/3589 1402/1774/3590 1401/1773/3588
f 1321/1680/3589 1322/1679/3591 1403/1775/3592 1402/1774/3590
f 1322/1679/3591 1323/1678/3593 1404/1776/3594 1403/1775/3592
f 1323/1678/3593 1324/1677/3595 1405/1777/3596 1404/1776/3594
f 1324/1677/3595 1325/1676/3597 1406/1778/3598 1405/1777/3596
f 1325/1676/3597 1326/1695/3559 1387/1759/3562 1406/1778/3598
s 8
f 1408/1780/3599 1407/1779/3600 1368/1739/3601 1369/1740/3602
f 1409/1781/3603 1408/1780/3599 1369/1740/3602 1370/1741/3604
f 1410/1782/3605 1409/1781/3603 1370/1741/3604 1371/1742/3606
f 1411/1783/3607 1410/1782/3605 1371/1742/3606 1372/1743/3608
f 1412/1784/3609 1411/1783/3607 1372/1743/3608 1373/1744/3610
f 1413/1785/3611 1412/1784/3609 1373/1744/3610 1374/1745/3612
f 1414/1786/3613 1413/1785/3611 1374/1745/3612 1375/1746/3614
f 1415/1787/3615 1414/1786/3613 1375/1746/3614 1376/1747/3616
f 1416/1788/3617 1415/1787/3615 1376/1747/3616 1377/1748/3618
f 1417/1789/3619 1416/1788/3617 1377/1748/3618 1378/1749/3620
f 1418/1790/3621 1417/1789/3619 1378/1749/3620 1379/1750/3622
f 1419/1791/3623 1418/1790/3621 1379/1750/3622 1380/1751/3624
f 1420/1792/3625 1419/1791/3623 1380/1751/3624 1381/1752/3626
f 1421/1794/3627 1420/1792/3625 1381/1752/3626 1382/1754/3628
f 1422/1795/3629 1421/1793/3627 1382/1753/3628 1383/1755/3630
f 1423/1796/3631 1422/1795/3629 1383/1755/3630 1384/1756/3632
f 1424/1797/3633 1423/1796/3631 1384/1756/3632 1385/1757/3634
f 1425/1798/3635 1424/1797/3633 1385/1757/3634 1386/1758/3636
f 1426/1799/3637 1425/1798/3635 1386/1758/3636 1367/1738/3638
f 1407/1779/3600 1426/1799/3637 1367/1738/3638 1368/1739/3601
g default
v -22.073538 2.804964 0.144649
v -21.996922 2.751222 0.144649
v -21.857395 3.113099 0.144649
v -21.780779 3.059357 0.144649
v -21.857395 3.113099 -0.038623
v -21.780779 3.059357 -0.038623
v -22.073538 2.804964 -0.038623
v -21.996922 2.751222 -0.038623
v -22.226140 2.700776 -0.038623
v -22.184161 2.671330 -0.038623
v -22.184161 2.671330 0.144649
v -22.226140 2.700776 0.144649
vt 0.509994 0.240863
vt 0.555967 0.240863
vt 0.509994 0.286836
vt 0.555967 0.286836
vt 0.509994 0.332809
vt 0.555967 0.332809
vt 0.509994 0.378782
vt 0.555967 0.378782
vt 0.509994 0.424755
vt 0.555967 0.424755
vt 0.601940 0.240863
vt 0.601940 0.286836
vt 0.464021 0.240863
vt 0.464021 0.286836
vt 0.509994 0.378782
vt 0.555967 0.378782
vt 0.555967 0.424755
vt 0.509994 0.424755
vn 0.000000 0.000000 1.000000
vn 0.000000 0.000000 1.000000
vn 0.000000 0.000000 1.000000
vn 0.000000 0.000000 1.000000
vn 0.574259 0.818673 0.000000
vn 0.574259 0.818673 0.000000
vn 0.574259 0.818673 0.000000
vn 0.574259 0.818673 0.000000
vn 0.000000 0.000000 -1.000000
vn 0.000000 0.000000 -1.000000
vn 0.000000 0.000000 -1.000000
vn 0.000000 0.000000 -1.000000
vn -0.574262 -0.818671 0.000000
vn -0.574262 -0.818671 0.000000
vn -0.574262 -0.818671 0.000000
vn -0.574262 -0.818671 0.000000
vn 0.818673 -0.574260 0.000000
vn 0.818673 -0.574260 0.000000
vn 0.818673 -0.574260 0.000000
vn 0.818673 -0.574260 0.000000
vn -0.735313 0.677728 0.000000
vn -0.735313 0.677728 0.000000
vn -0.818673 0.574260 0.000000
vn -0.818673 0.574260 0.000000
vn 0.000000 0.000000 -1.000000
vn 0.000000 0.000000 -1.000000
vn 0.392451 -0.919773 0.000000
vn 0.392451 -0.919773 0.000000
vn 0.392451 -0.919773 0.000000
vn 0.392451 -0.919773 0.000000
vn 0.000000 0.000000 1.000000
vn 0.000000 0.000000 1.000000
vn -0.563857 0.825872 0.000000
vn -0.563857 0.825872 0.000000
s 1
g mg pCube11
usemtl blinn7SG
f 1427/1800/3639 1428/1801/3640 1430/1803/3641 1429/1802/3642
s off
f 1429/1802/3643 1430/1803/3644 1432/1805/3645 1431/1804/3646
s 3
f 1431/1804/3647 1432/1805/3648 1434/1807/3649 1433/1806/3650
s off
f 1435/1814/3651 1436/1815/3652 1437/1816/3653 1438/1817/3654
f 1428/1801/3655 1434/1810/3656 1432/1811/3657 1430/1803/3658
s 6
f 1433/1812/3659 1427/1800/3660 1429/1802/3661 1431/1813/3662
s 3
f 1433/1806/3650 1434/1807/3649 1436/1815/3663 1435/1814/3664
s off
f 1434/1807/3665 1428/1809/3666 1437/1816/3667 1436/1815/3668
s 1
f 1428/1809/3640 1427/1808/3639 1438/1817/3669 1437/1816/3670
s 6
f 1427/1808/3660 1433/1806/3659 1435/1814/3671 1438/1817/3672
